subject_id,gender,race,arrival_transport,temperature,heartrate,resprate,o2sat,sbp,dbp,bp_unobtainable,pain_score,pain_assessable,gcs_eye,gcs_verbal,gcs_motor,gcs_total,avpu,avpu_ordinal,follows_commands,consciousness_source,chiefcomplaint,vs_heartrate_min,vs_heartrate_max,vs_heartrate_mean,vs_resprate_min,vs_resprate_max,vs_resprate_mean,vs_sbp_min,vs_sbp_max,vs_sbp_mean,vs_o2sat_min,vs_o2sat_max,vs_o2sat_mean,vs_temperature_max,n_vitalsign_readings,n_diagnoses,n_home_meds,start_category
90000355,F,UNKNOWN,AMBULANCE,97.9,112,28,89,93,46,0,4,1,4,5,6,15,A,4,1,physiologic_baseline,FRACTURE,102,108,105,26,27,26.5,82,89,85.5,86,88,87,97.7,2,3,6,YELLOW
90000004,F,UNABLE TO OBTAIN,AMBULANCE,97,,0,57,,,0,,,1,1,1,3,U,1,0,documented_unresponsive,S/P ARREST,0,0,0,0,0,0,45,45,45,,,,96.5,2,2,7,BLACK
90000021,M,HISPANIC/LATINO - CUBAN,AMBULANCE,94.1,0,0,,,,1,,,1,1,1,3,U,1,0,documented_unresponsive,S/P ARREST,8,8,8,0,0,0,24,24,24,,,,96,3,1,6,BLACK
90000176,F,UNKNOWN,AMBULANCE,,,,,,,0,,,1,1,1,3,U,1,0,documented_unresponsive,UNRESPONSIVE,6,26,16,0,0,0,26,26,26,10,10,10,96.7,3,1,10,BLACK
90000200,M,WHITE,AMBULANCE,94.5,0,0,27,,,0,,,1,1,1,3,U,1,0,documented_unresponsive,S/P ARREST,5,5,5,0,0,0,,,,,,,94.8,1,2,9,BLACK
90000295,M,HISPANIC/LATINO - CUBAN,AMBULANCE,,,,,,,0,,,1,1,1,3,U,1,0,documented_unresponsive,UNRESPONSIVE,,,,0,0,0,46,46,46,,,,93.5,1,2,5,BLACK
90000384,M,HISPANIC/LATINO - CUBAN,AMBULANCE,94,0,0,15,,,1,,,1,1,1,3,U,1,0,documented_unresponsive,S/P ARREST,0,11,3.666666667,0,0,0,24,55,39.5,31,31,31,96.1,3,2,8,BLACK
90000400,F,HISPANIC/LATINO - CUBAN,AMBULANCE,96,,0,,,,0,,,1,1,1,3,U,1,0,documented_unresponsive,S/P ARREST,0,0,0,0,0,0,17,50,33.5,69,69,69,96.8,3,2,11,BLACK
90000401,F,MULTIPLE RACE/ETHNICITY,AMBULANCE,92.5,,0,,,,0,,,1,1,1,3,U,1,0,documented_unresponsive,S/P ARREST,0,0,0,0,0,0,21,49,35,18,34,26,96.3,3,2,9,BLACK
90000409,M,WHITE - OTHER EUROPEAN,AMBULANCE,95,0,0,,,,0,,,1,1,1,3,U,1,0,documented_unresponsive,RESP ARREST,6,6,6,0,0,0,20,33,26.5,18,56,37,95.2,2,2,6,BLACK
90000410,F,WHITE,AMBULANCE,95.5,0,0,59,,,0,,,1,1,1,3,U,1,0,documented_unresponsive,UNRESPONSIVE,13,13,13,0,0,0,46,46,46,50,50,50,95.7,1,1,5,BLACK
90000416,F,OTHER,AMBULANCE,93.3,6,0,,,,0,,,1,1,1,3,U,1,0,documented_unresponsive,S/P ARREST,0,0,0,0,0,0,,,,37,37,37,96.3,3,2,5,BLACK
90000417,M,OTHER,AMBULANCE,92,,0,,,,1,,,1,1,1,3,U,1,0,documented_unresponsive,RESP ARREST,0,0,0,0,0,0,60,60,60,,,,95.8,2,2,6,BLACK
90000420,F,HISPANIC/LATINO - CUBAN,AMBULANCE,,,,,,,0,,,1,1,1,3,U,1,0,documented_unresponsive,S/P ARREST,22,22,22,0,0,0,57,57,57,,,,92.1,1,2,6,BLACK
90000426,M,WHITE - OTHER EUROPEAN,AMBULANCE,,,,,,,0,,,1,1,1,3,U,1,0,documented_unresponsive,UNRESPONSIVE,0,0,0,0,0,0,,,,,,,92.5,1,2,6,BLACK
90000432,F,PATIENT DECLINED TO ANSWER,AMBULANCE,95.6,0,0,,,,1,,,1,1,1,3,U,1,0,documented_unresponsive,RESP ARREST,0,15,7,0,0,0,33,33,33,70,70,70,94.3,3,1,12,BLACK
90000433,M,HISPANIC/LATINO - CUBAN,AMBULANCE,95.1,7,0,,,,0,,,1,1,1,3,U,1,0,documented_unresponsive,UNRESPONSIVE,28,28,28,0,0,0,41,42,41.5,16,30,23,95,3,1,4,BLACK
90000440,M,MULTIPLE RACE/ETHNICITY,AMBULANCE,97,0,0,,,,1,,,1,1,1,3,U,1,0,documented_unresponsive,S/P ARREST,0,0,0,0,0,0,47,47,47,8,8,8,95.7,2,1,8,BLACK
90000444,M,HISPANIC/LATINO - SALVADORAN,AMBULANCE,95.4,14,0,,51,39,0,,,1,1,1,3,U,1,0,documented_unresponsive,S/P ARREST,0,18,9,0,0,0,16,49,32.5,,,,93.8,2,1,3,BLACK
90000453,M,UNKNOWN,AMBULANCE,,,,,,,0,,,1,1,1,3,U,1,0,documented_unresponsive,S/P ARREST,0,0,0,0,0,0,19,19,19,39,39,39,96.1,3,2,9,BLACK
90000454,M,WHITE - OTHER EUROPEAN,AMBULANCE,97.6,16,0,,,,1,,0,1,1,1,3,U,1,0,documented_unresponsive,SOB,14.84257325,17.11838221,15.92445116,0,0.432488892,0.150178517,,,,,,,98.08043197,4,1,2,BLACK
90000455,M,BLACK/AFRICAN AMERICAN,AMBULANCE,94.4,,0,,,,1,,0,1,1,1,3,U,1,0,documented_unresponsive,CODE IN PROGRESS,,,,0,0,0,,,,,,,94.62043364,3,2,9,BLACK
90000456,M,OTHER,OTHER,,,0,,,,1,,0,1,1,1,3,U,1,0,documented_unresponsive,UNWITNESSED ARREST,,,,0,0,0,,,,,,,,1,1,3,BLACK
90000458,M,OTHER,AMBULANCE,95.5,0,0,,,,1,,0,1,1,1,3,U,1,0,documented_unresponsive,CRUSH INJURY,0,0,0,0,0.953116434,0.476558217,,,,,,,95.97312904,2,4,7,BLACK
90000459,M,WHITE,AMBULANCE,,0,0,,,,1,,0,1,1,1,3,U,1,0,documented_unresponsive,FOUND DOWN,0,0.2725462,0.090848733,0,1.019150172,0.523752688,,,,,,,,3,1,4,BLACK
90000464,M,HISPANIC/LATINO - CUBAN,AMBULANCE,,0,0,,,,1,,0,1,1,1,3,U,1,0,documented_unresponsive,TRAUMA CODE,0.129571468,0.394154628,0.261863048,0,0,0,,,,,,,,2,2,6,BLACK
90000465,F,HISPANIC/LATINO - SALVADORAN,AMBULANCE,97.1,20,0,,,,1,,0,1,1,1,3,U,1,0,documented_unresponsive,S/P ARREST,17.9609434,19.45426327,18.71495955,0,2.22311261,1.174980466,,,,,,,97.70015815,3,2,6,BLACK
90000466,F,WHITE,AMBULANCE,,0,0,,,,1,,0,1,1,1,3,U,1,0,documented_unresponsive,OBVIOUS DEATH,0.955900812,0.955900812,0.955900812,0.352431672,0.352431672,0.352431672,,,,,,,,1,2,1,BLACK
90000467,F,UNABLE TO OBTAIN,AMBULANCE,94.1,18,0,36,,,1,,0,1,1,1,3,U,1,0,documented_unresponsive,RESP ARREST,16.54280382,20.36154136,18.45217259,0,1.594200598,0.797100299,,,,36.49879931,37.78757725,37.14318828,94.7065096,2,4,10,BLACK
90000468,M,BLACK/AFRICAN AMERICAN,AMBULANCE,94.3,3,0,45,,,1,,0,1,1,1,3,U,1,0,documented_unresponsive,SOB,1.771416773,4.784216764,2.76287609,0.001921848,1.297378586,0.674799055,,,,40.85853144,46.84304009,45.03270246,94.76342949,4,3,2,BLACK
90000470,F,HISPANIC/LATINO - SALVADORAN,AMBULANCE,93.5,0,0,,,,1,,0,1,1,1,3,U,1,0,documented_unresponsive,FOUND DOWN,0.445324961,0.915233486,0.680279224,0,0,0,,,,,,,93.88596004,2,3,12,BLACK
90000471,M,BLACK/AFRICAN AMERICAN,AMBULANCE,,18,4,57,,,1,,0,1,1,1,3,U,1,0,documented_unresponsive,S/P ARREST,17.91808523,21.00329711,19.46069117,2.170467435,4.478551922,3.324509678,,,,57.4213903,57.50479869,57.46309449,,2,3,4,BLACK
90000474,F,WHITE,AMBULANCE,95.2,0,0,,,,1,,0,1,1,1,3,U,1,0,documented_unresponsive,CARDIAC ARREST,0.990620586,0.990620586,0.990620586,1.462967482,1.462967482,1.462967482,,,,,,,95.9850595,1,3,5,BLACK
90000476,M,HISPANIC/LATINO - CUBAN,AMBULANCE,,0,0,,,,1,,0,1,1,1,3,U,1,0,documented_unresponsive,TRAUMA CODE,0.702468154,0.702468154,0.702468154,0.225266215,0.225266215,0.225266215,,,,,,,,1,2,0,BLACK
90000477,F,WHITE,AMBULANCE,94.2,0,0,,,,1,,0,1,1,1,3,U,1,0,documented_unresponsive,FOUND DOWN,1.886189139,1.886189139,1.886189139,0.463700467,0.463700467,0.463700467,,,,,,,94.93017934,1,1,0,BLACK
90000478,M,PATIENT DECLINED TO ANSWER,AMBULANCE,96.1,13,1,,,,1,,0,1,1,1,3,U,1,0,documented_unresponsive,S/P ARREST,11.68759884,14.24017215,12.90645775,0,1.692490666,0.83765583,,,,,,,96.42835217,4,2,7,BLACK
90000479,F,WHITE - OTHER EUROPEAN,AMBULANCE,93.1,0,0,,,,1,,0,1,1,1,3,U,1,0,documented_unresponsive,CODE IN PROGRESS,0,2.175538588,1.087769294,0.1700218,0.762974408,0.466498104,,,,,,,93.87325175,2,3,2,BLACK
90000480,F,PATIENT DECLINED TO ANSWER,AMBULANCE,,19,0,66,,,1,,0,1,1,1,3,U,1,0,documented_unresponsive,RESPIRATORY FAILURE,19.08750518,21.26586484,20.11037799,0,0,0,,,,59.05779331,69.75961118,65.00765143,,3,4,7,BLACK
90000482,M,BLACK/AFRICAN AMERICAN,AMBULANCE,94.7,6,0,,,,1,,0,1,1,1,3,U,1,0,documented_unresponsive,S/P ARREST,4.633491285,6.629490834,5.652454382,0,1.026185277,0.320869174,,,,,,,95.09151696,4,4,9,BLACK
90000483,M,HISPANIC/LATINO - CUBAN,AMBULANCE,98.1,21,0,,,,1,,0,1,1,1,3,U,1,0,documented_unresponsive,CPR IN PROGRESS,22.09598678,22.24697073,22.17147875,0,0.374724715,0.187362358,,,,,,,98.54992568,2,1,4,BLACK
90000484,M,OTHER,AMBULANCE,93.1,,0,21,,,1,,0,1,1,1,3,U,1,0,documented_unresponsive,CODE IN PROGRESS,,,,0,0,0,,,,21.13123529,21.13123529,21.13123529,93.6621855,1,1,2,BLACK
90000485,M,UNKNOWN,AMBULANCE,,0,0,,,,1,,0,1,1,1,3,U,1,0,documented_unresponsive,RESP ARREST,0,0.31284025,0.200601041,0,1.290850003,0.430283334,,,,,,,,3,1,8,BLACK
90000487,F,HISPANIC/LATINO - CUBAN,AMBULANCE,93.5,,3,,,,1,,0,1,1,1,3,U,1,0,documented_unresponsive,UNRESPONSIVE,,,,2.601105446,4.040120079,3.180927281,,,,,,,93.65152038,3,2,4,BLACK
90000488,F,UNKNOWN,UNKNOWN,89.8,,0,,,,1,,0,1,1,1,3,U,1,0,documented_unresponsive,UNRESPONSIVE,,,,0.213775481,0.213775481,0.213775481,,,,,,,90.28776524,1,1,5,BLACK
90000490,F,HISPANIC/LATINO - SALVADORAN,AMBULANCE,97.4,10,0,,,,1,,0,1,1,1,3,U,1,0,documented_unresponsive,RESP ARREST,9.368030568,11.6070637,10.48754713,0,0,0,,,,,,,98.14602726,2,2,9,BLACK
90000491,M,WHITE,AMBULANCE,97.3,13,0,40,,,1,,0,1,1,1,3,U,1,0,documented_unresponsive,RESP ARREST,12.61554013,14.91873509,13.76713761,0.912974925,2.826172328,1.869573627,,,,42.7235531,45.47724808,44.10040059,97.65597105,2,3,6,BLACK
90000492,F,WHITE,AMBULANCE,92.4,0,1,59,,,1,,0,1,1,1,3,U,1,0,documented_unresponsive,S/P ARREST,0,0,0,0.474469876,2.315562392,1.395016134,,,,58.52589116,64.83472889,61.68031003,93.19775451,2,1,5,BLACK
90000494,F,WHITE,AMBULANCE,95.4,24,0,59,,,1,,0,1,1,1,3,U,1,0,documented_unresponsive,RESP ARREST,21.30574348,26.70203784,23.34257279,0,0.424337351,0.106084338,,,,52.58181275,67.67891083,59.57987855,95.99678342,4,4,2,BLACK
90000495,F,UNKNOWN,AMBULANCE,,0,0,42,,,1,,0,1,1,1,3,U,1,0,documented_unresponsive,CRUSH INJURY,0,0.960814573,0.480407286,0,0.631195,0.3155975,,,,36.99994948,44.24889709,40.62442329,,2,3,2,BLACK
90000496,M,UNABLE TO OBTAIN,AMBULANCE,93.9,0,0,,,,1,,0,1,1,1,3,U,1,0,documented_unresponsive,S/P ARREST,0,0.397286185,0.132428728,0,1.412988144,0.869248175,,,,,,,94.68942253,3,3,11,BLACK
90000497,M,HISPANIC/LATINO - CUBAN,AMBULANCE,92.7,,,,,,1,,0,1,1,1,3,U,1,0,documented_unresponsive,UNRESPONSIVE,,,,,,,,,,,,,92.79643165,1,2,5,BLACK
90000498,F,OTHER,OTHER,95.4,,,,,,1,,0,1,1,1,3,U,1,0,documented_unresponsive,OBVIOUS DEATH,,,,,,,,,,,,,95.99474048,1,1,0,BLACK
90000499,M,BLACK/AFRICAN AMERICAN,AMBULANCE,91.8,0,0,,,,1,,0,1,1,1,3,U,1,0,documented_unresponsive,CRUSH INJURY,0,0,0,0,0,0,,,,,,,92.58702676,2,2,1,BLACK
90000503,F,WHITE,AMBULANCE,,0,0,58,,,1,,0,1,1,1,3,U,1,0,documented_unresponsive,FOUND DOWN,1.268692309,1.268692309,1.268692309,0.042904105,0.042904105,0.042904105,,,,61.52678871,61.52678871,61.52678871,,1,1,8,BLACK
90000504,F,BLACK/AFRICAN AMERICAN,AMBULANCE,93.4,,0,,,,1,,0,1,1,1,3,U,1,0,documented_unresponsive,FOUND DOWN,,,,0,0.998661072,0.332887024,,,,,,,94.04763684,3,2,1,BLACK
90000506,M,WHITE,AMBULANCE,93.4,0,0,,,,1,,0,1,1,1,3,U,1,0,documented_unresponsive,TRAUMA CODE,0,0,0,0,0.785620306,0.392810153,,,,,,,93.53959632,2,4,4,BLACK
90000508,M,PATIENT DECLINED TO ANSWER,AMBULANCE,,,1,,,,1,,0,1,1,1,3,U,1,0,documented_unresponsive,UNRESPONSIVE,,,,0.787307861,1.461452414,1.124380138,,,,,,,,2,2,12,BLACK
90000509,M,UNKNOWN,AMBULANCE,,0,0,,,,1,,0,1,1,1,3,U,1,0,documented_unresponsive,GSW,0,0.066649851,0.033324925,0,0.945186281,0.47259314,,,,,,,,2,2,7,BLACK
10001725,F,WHITE,WALK IN,97.5,73,18,100,137,91,0,0,1,4,5,6,15,A,4,1,physiologic_baseline,Eye pain,70,73,71.5,16,18,17,120,137,128.5,100,100,100,98,2,2,24,GREEN
10002428,F,WHITE,WALK IN,99.4,109,16,100,138,118,0,0,1,4,5,6,15,A,4,1,physiologic_baseline,LARYNGITIS/SOB WITH TALKING,82,82,82,16,18,17,148,148,148,100,100,100,97.4,2,2,9,GREEN
10002930,F,BLACK/AFRICAN AMERICAN,WALK IN,98.2,88,16,100,150,98,0,6,1,3,4,5,12,V,3,0,documented_toxidrome,"ETOH, Hallucinations",88,122,108.8,16,18,17.6,126,173,148.6,96,100,97.6,101,5,3,0,GREEN
10003400,F,BLACK/AFRICAN AMERICAN,WALK IN,99.9,86,18,100,142,92,0,5,1,4,5,6,15,A,4,1,physiologic_baseline,"Hematuria, Dysuria",99,119,112,17,26,19.4,90,120,102.8,94,100,96.83333333,99.3,10,2,9,GREEN
10004720,M,WHITE,WALK IN,97,106,18,99,133,87,0,7,1,3,5,6,14,A,4,1,physiologic_baseline,"s/p Fall, R Wrist pain, R Wrist injury",93,93,93,16,16,16,139,139,139,,,,97.3,1,3,18,GREEN
10005866,M,PORTUGUESE,WALK IN,98.2,84,18,100,175,80,0,10,1,4,5,6,15,A,4,1,physiologic_baseline,"Abd pain, Right sided abdominal pain",72,84,76.57142857,14,18,16.28571429,122,175,140.8571429,96,100,98,98.5,7,1,12,GREEN
10005866,M,PORTUGUESE,WALK IN,97.2,88,18,100,163,89,0,7,1,4,5,6,15,A,4,1,physiologic_baseline,"Abd pain, N/V",76,88,79.2,18,18,18,148,163,153.8,100,100,100,98.2,5,4,15,GREEN
10005866,M,PORTUGUESE,WALK IN,97.6,72,16,100,163,81,0,10,1,4,5,6,15,A,4,1,physiologic_baseline,Right sided abdominal pain,60,77,69.6,16,18,16.4,129,165,152,99,100,99.25,97.9,5,1,12,GREEN
10005866,M,PORTUGUESE,WALK IN,98,76,18,99,147,92,0,10,1,4,5,6,15,A,4,1,physiologic_baseline,RLQ abdominal pain,64,78,69.8,16,18,17.6,133,147,138,98,99,98.4,98.2,5,1,12,GREEN
10012853,F,BLACK/AFRICAN AMERICAN,WALK IN,97.4,77,16,97,137,48,0,8,1,4,5,6,15,A,4,1,physiologic_baseline,Hematuria,65,77,69,16,16,16,124,156,139,93,97,95.66666667,98.5,3,5,11,GREEN
10012853,F,BLACK/AFRICAN AMERICAN,WALK IN,96.8,78,16,95,186,66,0,8,1,4,5,6,15,A,4,1,physiologic_baseline,Abd pain,62,78,68,16,18,17.33333333,153,188,175.6666667,94,98,95.66666667,98.2,3,3,11,GREEN
10012853,F,BLACK/AFRICAN AMERICAN,WALK IN,98.2,96,16,97,189,78,0,0,1,4,5,6,15,A,4,1,physiologic_baseline,"Urinary retention, Lower abdominal pain",82,82,82,18,18,18,167,167,167,98,98,98,98.7,1,2,9,GREEN
10012853,F,BLACK/AFRICAN AMERICAN,WALK IN,97.8,66,14,99,165,51,0,8,1,4,5,6,15,A,4,1,physiologic_baseline,Clogged foley,50,67,58.75,14,16,15,148,165,155,96,100,98,98.2,4,3,10,GREEN
10012853,F,BLACK/AFRICAN AMERICAN,WALK IN,97.5,77,22,100,194,81,0,8,1,4,5,6,15,A,4,1,physiologic_baseline,Suprapubic pain,76,79,77.33333333,18,22,20,180,194,188.6666667,99,100,99.66666667,97.8,3,3,5,GREEN
10015860,M,WHITE,WALK IN,100,119,16,99,107,73,0,7,1,4,5,6,15,A,4,1,physiologic_baseline,RIGHT FOOT INFECTION,94,124,106,17,18,17.25,132,145,137,97,98,97.6,102.5,5,2,3,GREEN
10015860,M,WHITE,WALK IN,98.2,117,20,100,107,64,0,9,1,4,5,6,15,A,4,1,physiologic_baseline,R Foot pain,104,117,110,18,20,18.4,105,122,113,99,100,99.8,98.6,5,4,12,GREEN
10015860,M,WHITE,WALK IN,98,105,16,100,136,81,0,0,1,3,5,6,14,A,4,1,physiologic_baseline,Foot laceration,100,100,100,18,18,18,138,138,138,100,100,100,98,1,5,9,GREEN
10015860,M,WHITE,WALK IN,97.1,77,18,99,154,76,0,5,1,4,5,6,15,A,4,1,physiologic_baseline,"L Arm pain, L Arm swelling",76,82,78.33333333,16,18,16.66666667,154,177,167.6666667,98,99,98.66666667,97.8,3,1,23,GREEN
10015860,M,WHITE,WALK IN,98.3,115,18,96,178,105,0,5,1,4,4,6,14,A,4,1,physiologic_baseline,R FOOT PAIN,107,107,107,,,,157,157,157,97,97,97,98.3,1,5,4,GREEN
10020306,F,BLACK/AFRICAN AMERICAN,WALK IN,98.1,85,18,100,133,77,0,7,1,4,5,6,15,A,4,1,physiologic_baseline,L Eye pain,81,85,83.33333333,16,18,17.33333333,132,140,135,98,100,99.33333333,98.1,3,2,8,GREEN
10020306,F,BLACK/AFRICAN AMERICAN,WALK IN,96.9,102,18,98,121,79,0,8,1,4,5,6,15,A,4,1,physiologic_baseline,"Lower back pain, s/p Fall",88,102,93.66666667,16,18,16.66666667,112,146,126.3333333,97,98,97.33333333,98.6,3,5,17,GREEN
10020740,M,WHITE,WALK IN,98.4,82,18,99,125,75,0,0,1,4,5,6,15,A,4,1,physiologic_baseline,Insomnia,71,83,77,18,18,18,129,152,140.5,99,99,99,98.4,2,3,6,GREEN
10021487,M,WHITE,WALK IN,96.7,114,14,96,119,93,0,5,1,4,5,6,15,A,4,1,physiologic_baseline,"ABDOMINAL MASS, FEVER",92,103,98.25,16,20,18,112,125,118.75,98,99,98.75,100.7,5,1,4,GREEN
10021487,M,WHITE,WALK IN,99.8,106,16,97,110,69,0,8,1,4,5,6,15,A,4,1,physiologic_baseline,ABD PAIN,114,116,115.3333333,16,18,17.33333333,117,117,117,94,95,94.33333333,101.4,4,1,5,GREEN
10023239,F,WHITE,WALK IN,97.9,81,16,100,132,71,0,0,1,4,5,6,15,A,4,1,physiologic_baseline,Abnormal labs,81,90,84,16,18,17.14285714,114,146,132.1428571,98,100,99.14285714,98.6,7,3,9,GREEN
10023239,F,WHITE,WALK IN,97.7,111,15,100,133,79,0,3,1,4,5,6,15,A,4,1,physiologic_baseline,"Dehydration, Nausea, Rash",96,111,102,15,16,15.66666667,126,137,132,100,100,100,99.3,3,7,6,GREEN
10023239,F,WHITE,WALK IN,96.2,123,18,99,123,69,0,5,1,4,5,6,15,A,4,1,physiologic_baseline,"Back pain, Decreased PO intake, R Ear pain",95,123,104.3333333,16,18,16.66666667,123,124,123.6666667,99,100,99.66666667,98.8,3,5,7,GREEN
10026406,M,WHITE,WALK IN,97,98,20,99,133,110,0,8,1,3,4,4,11,V,3,0,documented_toxidrome,"ETOH, SI",70,98,86,16,20,17.4,110,142,128.4666667,95,100,98.46666667,98.5,15,4,0,GREEN
10039997,F,BLACK/AFRICAN AMERICAN,WALK IN,96.5,112,20,100,124,50,0,0,1,4,5,6,15,A,4,1,physiologic_baseline,"Depression, Anxiety",79,112,100.25,16,20,18,124,160,143.25,96,100,98.5,98.6,4,2,8,GREEN
90000003,M,BLACK/AFRICAN AMERICAN,WALK IN,,,,,,,0,,,4,5,6,15,A,4,1,physiologic_baseline,RASH,67,86,76.5,14,15,14.5,115,126,120.5,97,100,98.5,98.9,2,2,1,GREEN
90000009,M,UNABLE TO OBTAIN,WALK IN,98.1,106,18,96,114,72,0,7,1,4,5,6,15,A,4,1,physiologic_baseline,HEADACHE,78,87,82.33333333,14,19,17,118,123,119.6666667,92,98,95,97.8,3,2,2,GREEN
90000014,F,OTHER,WALK IN,98,98,17,95,97,65,0,2,1,4,5,6,15,A,4,1,physiologic_baseline,MINOR LACERATION,77,85,81,13,16,14.5,120,123,121.5,95,98,96.5,99,2,1,2,GREEN
90000016,M,MULTIPLE RACE/ETHNICITY,WALK IN,98.8,76,17,97,131,92,0,0,1,4,5,6,15,A,4,1,physiologic_baseline,RASH,71,96,81.66666667,15,20,17,94,123,109,94,100,96.33333333,98.5,3,2,1,GREEN
90000020,M,BLACK/AFRICAN AMERICAN,WALK IN,98.6,78,15,96,107,66,0,2,1,4,5,6,15,A,4,1,physiologic_baseline,MINOR LACERATION,78,78,78,16,16,16,123,123,123,96,96,96,97.6,1,1,1,GREEN
90000024,M,BLACK/AFRICAN AMERICAN,WALK IN,98.8,77,22,100,119,82,0,0,1,4,5,6,15,A,4,1,physiologic_baseline,HEADACHE,63,78,70.5,16,18,17,118,120,119,97,98,97.5,98,2,2,3,GREEN
90000032,M,HISPANIC/LATINO - CUBAN,WALK IN,97.8,92,17,99,124,87,0,2,1,4,5,6,15,A,4,1,physiologic_baseline,HEADACHE,75,77,76,17,20,19,104,125,114.3333333,93,97,94.33333333,98.8,3,2,2,GREEN
90000034,M,PATIENT DECLINED TO ANSWER,WALK IN,98.6,84,16,98,139,110,0,2,1,4,5,6,15,A,4,1,physiologic_baseline,MINOR LACERATION,61,109,85,15,18,16.5,118,129,123.5,96,99,97.5,98.9,2,2,2,GREEN
90000037,F,UNABLE TO OBTAIN,WALK IN,,,,,,,0,,,4,5,6,15,A,4,1,physiologic_baseline,BACK PAIN,83,83,83,19,19,19,112,112,112,96,96,96,97.2,1,2,0,GREEN
90000042,M,UNABLE TO OBTAIN,WALK IN,98.6,77,19,100,112,70,0,4,1,4,5,6,15,A,4,1,physiologic_baseline,MINOR LACERATION,78,85,81.5,16,18,17,120,126,123,96,98,97,98.5,2,1,1,GREEN
90000046,M,MULTIPLE RACE/ETHNICITY,WALK IN,97.3,105,19,95,102,56,0,2,1,4,5,6,15,A,4,1,physiologic_baseline,BACK PAIN,87,96,90.66666667,16,21,18,109,116,111.6666667,96,99,97,98.7,3,1,1,GREEN
90000048,F,BLACK/AFRICAN AMERICAN,WALK IN,99.1,72,18,98,109,80,0,3,1,4,5,6,15,A,4,1,physiologic_baseline,BACK PAIN,79,95,87,19,20,19.5,118,120,119,95,96,95.5,99.6,2,2,2,GREEN
90000049,F,OTHER,OTHER,98,80,17,100,114,77,0,1,1,4,5,6,15,A,4,1,physiologic_baseline,MINOR LACERATION,65,90,75,17,19,18,106,124,116,96,98,96.66666667,98.5,3,2,1,GREEN
90000050,M,UNABLE TO OBTAIN,WALK IN,98.2,86,18,97,126,94,0,1,1,4,5,6,15,A,4,1,physiologic_baseline,HEADACHE,67,90,75.33333333,15,18,17,110,125,116.6666667,96,99,97,98.6,3,1,0,GREEN
90000057,M,WHITE,WALK IN,98.3,76,19,100,131,97,0,3,1,4,5,6,15,A,4,1,physiologic_baseline,BACK PAIN,69,70,69.5,16,20,18,106,125,115.5,98,99,98.5,98.5,2,2,4,GREEN
90000058,F,WHITE - OTHER EUROPEAN,WALK IN,97.6,73,19,96,114,75,0,2,1,4,5,6,15,A,4,1,physiologic_baseline,HEADACHE,72,90,81,15,18,16.5,118,126,122,98,99,98.5,98.5,2,1,4,GREEN
90000066,F,WHITE - OTHER EUROPEAN,WALK IN,98.4,83,19,97,107,67,0,3,1,4,5,6,15,A,4,1,physiologic_baseline,HEADACHE,83,104,94.33333333,15,18,16.33333333,124,129,125.6666667,96,98,97,98.9,3,2,0,GREEN
90000069,F,OTHER,WALK IN,98.5,86,16,98,111,63,0,0,1,4,5,6,15,A,4,1,physiologic_baseline,HEADACHE,90,91,90.5,12,20,16,101,122,111.5,97,97,97,98.6,2,2,0,GREEN
90000072,M,UNKNOWN,WALK IN,,,,,,,0,,,3,5,6,14,A,4,1,physiologic_baseline,MINOR LACERATION,88,88,88,20,20,20,100,100,100,97,97,97,98.2,1,1,1,GREEN
90000075,M,BLACK/AFRICAN AMERICAN,UNKNOWN,97.8,75,18,95,110,69,0,3,1,4,4,6,14,A,4,1,physiologic_baseline,HEADACHE,82,82,82,15,15,15,112,112,112,97,97,97,97.7,1,1,0,GREEN
90000082,F,OTHER,WALK IN,97.5,72,17,96,122,91,0,2,1,4,5,6,15,A,4,1,physiologic_baseline,BACK PAIN,54,54,54,15,15,15,119,119,119,99,99,99,97.3,1,1,2,GREEN
90000083,M,OTHER,WALK IN,,,,,,,0,,,4,5,6,15,A,4,1,physiologic_baseline,ANKLE INJURY,81,81,81,15,15,15,120,120,120,99,99,99,97.7,1,1,2,GREEN
90000084,M,WHITE - OTHER EUROPEAN,OTHER,,,,,,,0,,,4,5,6,15,A,4,1,physiologic_baseline,RASH,84,95,89.5,15,21,18,115,121,118,95,98,96.5,99.4,2,1,3,GREEN
90000087,F,HISPANIC/LATINO - CUBAN,WALK IN,99.1,77,18,99,114,72,0,1,1,4,5,6,15,A,4,1,physiologic_baseline,ANKLE INJURY,65,65,65,15,15,15,121,121,121,98,98,98,98.7,1,2,1,GREEN
90000089,F,HISPANIC/LATINO - SALVADORAN,UNKNOWN,,,,,,,0,,,4,5,6,15,A,4,1,physiologic_baseline,MINOR LACERATION,74,82,78,18,21,19.5,112,113,112.5,95,98,96.5,98.9,2,1,2,GREEN
90000095,F,UNABLE TO OBTAIN,WALK IN,97.4,104,17,95,112,71,0,5,1,4,5,6,15,A,4,1,physiologic_baseline,BACK PAIN,90,95,92.5,15,17,16,94,121,107.5,95,100,97.5,98.2,2,1,3,GREEN
90000096,F,WHITE - OTHER EUROPEAN,WALK IN,97.2,66,18,95,112,78,0,4,1,4,5,6,15,A,4,1,physiologic_baseline,ANKLE INJURY,90,90,90,19,19,19,123,123,123,94,94,94,97.7,1,1,4,GREEN
90000097,M,WHITE,UNKNOWN,98.1,82,20,96,128,100,0,5,1,4,5,6,15,A,4,1,physiologic_baseline,HEADACHE,88,88,88,18,18,18,98,98,98,94,94,94,98.4,1,2,2,GREEN
90000101,F,HISPANIC/LATINO - SALVADORAN,WALK IN,,,,,,,0,,,4,5,6,15,A,4,1,physiologic_baseline,HEADACHE,65,85,75,13,18,15.5,121,129,125,98,99,98.5,97.3,2,2,3,GREEN
90000107,F,BLACK/AFRICAN AMERICAN,WALK IN,97.7,83,19,97,120,77,0,6,1,4,5,6,15,A,4,1,physiologic_baseline,ANKLE INJURY,67,110,84,16,20,18,121,129,124.6666667,94,100,96.66666667,98.6,3,2,2,GREEN
90000110,M,UNKNOWN,WALK IN,,,,,,,0,,,4,5,5,14,A,4,0,physiologic_baseline,HEADACHE,79,88,85,18,19,18.33333333,115,130,122.6666667,97,98,97.66666667,98.3,3,1,2,GREEN
90000111,M,UNABLE TO OBTAIN,WALK IN,98.3,87,19,95,114,77,0,5,1,4,5,6,15,A,4,1,physiologic_baseline,BACK PAIN,81,87,84,17,17,17,108,118,113,94,98,96,98.5,2,2,2,GREEN
90000113,F,UNABLE TO OBTAIN,WALK IN,98.4,96,14,98,113,70,0,2,1,4,5,6,15,A,4,1,physiologic_baseline,HEADACHE,83,98,91,17,21,19,113,119,115.6666667,99,100,99.33333333,98.3,3,2,2,GREEN
90000121,F,PATIENT DECLINED TO ANSWER,WALK IN,97.7,92,19,96,120,84,0,4,1,4,5,6,15,A,4,1,physiologic_baseline,MINOR LACERATION,75,81,77,18,20,19.33333333,109,119,113,95,98,96,98.9,3,2,2,GREEN
90000123,M,UNABLE TO OBTAIN,WALK IN,98.3,77,15,98,113,79,0,1,1,4,5,6,15,A,4,1,physiologic_baseline,BACK PAIN,75,93,84,14,14,14,112,119,115.5,97,99,98,99.2,2,1,1,GREEN
90000126,F,HISPANIC/LATINO - SALVADORAN,WALK IN,98.9,85,19,96,120,81,0,3,1,4,5,6,15,A,4,1,physiologic_baseline,MINOR LACERATION,82,82,82,19,19,19,115,115,115,96,96,96,97.6,1,2,0,GREEN
90000127,M,UNKNOWN,WALK IN,98.3,92,13,97,101,65,0,0,1,4,5,6,15,A,4,1,physiologic_baseline,HEADACHE,70,87,76.66666667,15,18,16.33333333,108,121,115.3333333,97,99,98.33333333,98.4,3,2,1,GREEN
90000132,M,HISPANIC/LATINO - CUBAN,WALK IN,,,,,,,0,,,4,5,6,15,A,4,1,physiologic_baseline,MINOR LACERATION,68,83,77.33333333,17,18,17.33333333,112,122,116.3333333,95,99,97,99.3,3,1,3,GREEN
90000138,F,BLACK/AFRICAN AMERICAN,WALK IN,99,88,14,95,121,85,0,3,1,4,5,6,15,A,4,1,physiologic_baseline,ANKLE INJURY,70,97,81,16,17,16.33333333,109,130,117.3333333,96,97,96.33333333,98.5,3,1,0,GREEN
90000148,F,HISPANIC/LATINO - SALVADORAN,WALK IN,98.5,86,17,94,104,75,0,2,1,3,5,6,14,A,4,1,physiologic_baseline,HEADACHE,73,73,73,20,20,20,103,103,103,96,96,96,97.4,1,1,5,GREEN
90000151,M,PATIENT DECLINED TO ANSWER,AMBULANCE,98.7,84,16,100,119,71,0,2,1,4,5,6,15,A,4,1,physiologic_baseline,BACK PAIN,82,87,84.5,14,17,15.5,98,103,100.5,99,100,99.5,98.8,2,2,1,GREEN
90000153,M,OTHER,WALK IN,98.7,77,15,97,121,83,0,2,1,4,5,6,15,A,4,1,physiologic_baseline,BACK PAIN,81,81,81,17,17,17,100,100,100,94,94,94,98.3,1,2,2,GREEN
90000155,M,UNABLE TO OBTAIN,WALK IN,98.4,82,17,97,108,64,0,5,1,4,5,6,15,A,4,1,physiologic_baseline,RASH,78,92,83.33333333,16,19,17.66666667,101,134,122,96,97,96.33333333,98.9,3,1,5,GREEN
90000159,F,UNKNOWN,WALK IN,,,,,,,0,,,4,5,6,15,A,4,1,physiologic_baseline,BACK PAIN,93,93,93,17,17,17,103,103,103,95,95,95,97.3,1,2,2,GREEN
90000162,M,HISPANIC/LATINO - CUBAN,UNKNOWN,98,54,16,97,123,84,0,2,1,4,5,6,15,A,4,1,physiologic_baseline,ANKLE INJURY,86,93,90.33333333,16,19,17.33333333,105,139,117.6666667,95,97,96.33333333,98.6,3,1,1,GREEN
90000164,F,MULTIPLE RACE/ETHNICITY,AMBULANCE,97.9,87,19,95,118,80,0,3,1,4,5,6,15,A,4,1,physiologic_baseline,ANKLE INJURY,89,101,93.66666667,18,21,20,102,122,111.6666667,93,95,94.33333333,99.9,3,2,1,GREEN
90000167,F,HISPANIC/LATINO - CUBAN,WALK IN,98.4,84,15,94,105,75,0,2,1,4,5,6,15,A,4,1,physiologic_baseline,HEADACHE,74,74,74,17,17,17,112,112,112,95,95,95,98.2,1,1,2,GREEN
90000169,F,HISPANIC/LATINO - SALVADORAN,WALK IN,99.2,84,13,100,115,80,0,3,1,4,5,6,15,A,4,1,physiologic_baseline,MINOR LACERATION,67,107,89,16,18,16.66666667,111,123,116.3333333,95,99,97,98.6,3,2,3,GREEN
90000171,M,UNKNOWN,WALK IN,97.8,91,16,96,119,74,0,3,1,3,5,6,14,A,4,1,physiologic_baseline,MINOR LACERATION,71,99,83.33333333,13,16,14.33333333,98,120,112.6666667,95,99,97.66666667,98.9,3,1,4,GREEN
90000173,M,BLACK/AFRICAN AMERICAN,AMBULANCE,98,75,16,97,126,96,0,0,1,4,5,6,15,A,4,1,physiologic_baseline,ANKLE INJURY,110,110,110,16,16,16,114,114,114,94,94,94,97.8,1,2,2,GREEN
90000182,M,MULTIPLE RACE/ETHNICITY,WALK IN,97.6,91,18,97,116,70,0,4,1,4,5,6,15,A,4,1,physiologic_baseline,MINOR LACERATION,75,89,82,16,21,18.66666667,101,117,111.3333333,94,94,94,98.5,3,2,5,GREEN
90000185,M,MULTIPLE RACE/ETHNICITY,WALK IN,98,99,19,95,108,62,0,4,1,4,5,6,15,A,4,1,physiologic_baseline,HEADACHE,79,106,92.5,17,22,19.5,109,117,113,93,94,93.5,98.7,2,2,3,GREEN
90000186,M,OTHER,WALK IN,98.9,110,15,93,112,80,0,3,1,4,5,6,15,A,4,1,physiologic_baseline,RASH,88,88,88,19,19,19,92,92,92,94,94,94,99,1,1,2,GREEN
90000188,F,UNABLE TO OBTAIN,UNKNOWN,99.5,97,20,98,111,79,0,1,1,4,5,6,15,A,4,1,physiologic_baseline,ANKLE INJURY,77,104,90,14,15,14.66666667,107,126,117.3333333,96,100,98.33333333,99.1,3,2,2,GREEN
90000191,F,UNKNOWN,WALK IN,,,,,,,0,,,4,5,6,15,A,4,1,physiologic_baseline,BACK PAIN,83,83,83,15,15,15,100,100,100,97,97,97,98.1,1,2,1,GREEN
90000193,M,BLACK/AFRICAN AMERICAN,WALK IN,97.7,73,14,97,127,86,0,0,1,4,5,6,15,A,4,1,physiologic_baseline,ANKLE INJURY,78,92,85,13,19,16,110,111,110.5,93,97,95,97.8,2,1,0,GREEN
90000194,M,UNKNOWN,WALK IN,97.7,76,12,99,125,85,0,4,1,4,5,6,15,A,4,1,physiologic_baseline,HEADACHE,82,85,83.5,16,18,17,104,115,109.5,98,99,98.5,98.2,2,1,4,GREEN
90000197,M,HISPANIC/LATINO - CUBAN,WALK IN,98.5,94,14,100,153,118,0,1,1,4,5,6,15,A,4,1,physiologic_baseline,RASH,67,81,72.66666667,15,17,16,104,121,114.3333333,96,97,96.66666667,98.8,3,1,4,GREEN
90000198,M,BLACK/AFRICAN AMERICAN,OTHER,98,85,14,96,120,88,0,3,1,4,5,6,15,A,4,1,physiologic_baseline,BACK PAIN,76,85,80,13,19,15.66666667,101,121,114,96,100,98,98.3,3,2,1,GREEN
90000202,M,OTHER,WALK IN,98.7,82,17,98,127,91,0,2,1,4,5,6,15,A,4,1,physiologic_baseline,HEADACHE,78,78,78,16,16,16,107,107,107,100,100,100,98.8,1,2,3,GREEN
90000203,F,BLACK/AFRICAN AMERICAN,WALK IN,98.2,83,16,99,126,82,0,3,1,4,5,6,15,A,4,1,physiologic_baseline,BACK PAIN,82,82,82,16,22,19,111,115,113,96,97,96.5,98.5,2,1,6,GREEN
90000204,M,UNABLE TO OBTAIN,WALK IN,98.5,83,20,96,112,80,0,2,1,4,5,6,15,A,4,1,physiologic_baseline,MINOR LACERATION,82,88,85,16,18,17,119,122,120.5,94,98,96,98.6,2,2,2,GREEN
90000207,F,WHITE,WALK IN,98,72,17,97,103,59,0,2,1,4,5,6,15,A,4,1,physiologic_baseline,HEADACHE,79,100,89.5,13,18,15.5,124,131,127.5,94,98,96,98.4,2,2,2,GREEN
90000211,F,OTHER,UNKNOWN,98.2,87,18,97,101,72,0,3,1,4,5,6,15,A,4,1,physiologic_baseline,BACK PAIN,76,89,84.33333333,18,19,18.66666667,111,122,117.3333333,97,97,97,98.7,3,2,1,GREEN
90000215,F,HISPANIC/LATINO - CUBAN,WALK IN,99,78,16,97,105,74,0,3,1,4,5,6,15,A,4,1,physiologic_baseline,HEADACHE,82,93,87.5,17,17,17,118,121,119.5,97,98,97.5,98.9,2,2,3,GREEN
90000216,F,UNABLE TO OBTAIN,OTHER,98,87,15,99,135,92,0,2,1,4,5,6,15,A,4,1,physiologic_baseline,ANKLE INJURY,80,84,82,17,19,18,109,127,118,98,99,98.5,99,2,2,4,GREEN
90000225,F,BLACK/AFRICAN AMERICAN,WALK IN,97.8,75,17,100,124,92,0,5,1,4,5,6,15,A,4,1,physiologic_baseline,HEADACHE,82,105,95,16,16,16,107,117,113,97,99,97.66666667,98.8,3,2,2,GREEN
90000228,F,MULTIPLE RACE/ETHNICITY,OTHER,99.3,91,13,96,114,66,0,3,1,4,5,6,15,A,4,1,physiologic_baseline,HEADACHE,84,84,84,13,13,13,117,117,117,97,97,97,98.1,1,2,0,GREEN
90000237,M,HISPANIC/LATINO - CUBAN,AMBULANCE,98.1,80,12,99,124,86,0,1,1,4,5,6,15,A,4,1,physiologic_baseline,MINOR LACERATION,80,99,91.33333333,15,16,15.33333333,101,132,117,95,100,97.33333333,98.7,3,2,3,GREEN
90000238,F,WHITE,AMBULANCE,,,,,,,0,,,4,5,6,15,A,4,1,physiologic_baseline,RASH,84,84,84,16,16,16,113,113,113,97,97,97,97.9,1,1,4,GREEN
90000247,F,PATIENT DECLINED TO ANSWER,AMBULANCE,97.7,95,21,98,124,94,0,3,1,4,5,6,15,A,4,1,physiologic_baseline,ANKLE INJURY,73,88,81.33333333,15,17,16.33333333,105,134,119.3333333,97,99,97.66666667,98.3,3,2,0,GREEN
90000253,F,PATIENT DECLINED TO ANSWER,AMBULANCE,97.4,85,19,96,125,88,0,1,1,4,5,6,15,A,4,1,physiologic_baseline,BACK PAIN,69,75,73,16,17,16.66666667,109,125,119,95,100,97.66666667,98.6,3,1,1,GREEN
90000256,M,UNKNOWN,AMBULANCE,98,93,14,98,119,91,0,4,1,4,5,6,15,A,4,1,physiologic_baseline,RASH,74,91,82.5,14,15,14.5,110,126,118,98,100,99,98.4,2,2,4,GREEN
90000257,F,UNKNOWN,WALK IN,97.2,78,15,96,120,87,0,1,1,4,4,6,14,A,4,1,physiologic_baseline,ANKLE INJURY,77,77,77,19,19,19,119,119,119,97,97,97,98.2,1,2,3,GREEN
90000261,M,UNABLE TO OBTAIN,WALK IN,99.2,108,16,96,115,86,0,3,1,4,5,6,15,A,4,1,physiologic_baseline,HEADACHE,82,89,85.66666667,13,20,16.66666667,108,124,118,96,99,97,98.4,3,1,2,GREEN
90000264,F,BLACK/AFRICAN AMERICAN,WALK IN,98,80,17,96,128,86,0,3,1,3,5,6,14,A,4,1,physiologic_baseline,RASH,88,93,90.5,16,20,18,102,130,116,95,96,95.5,98.2,2,2,0,GREEN
90000266,M,BLACK/AFRICAN AMERICAN,WALK IN,97.6,87,20,95,119,89,0,2,1,4,5,6,15,A,4,1,physiologic_baseline,HEADACHE,82,92,87,17,18,17.5,117,126,121.5,96,99,97.5,98.6,2,1,3,GREEN
90000267,F,HISPANIC/LATINO - CUBAN,WALK IN,97.8,79,13,97,113,68,0,1,1,4,5,6,15,A,4,1,physiologic_baseline,BACK PAIN,81,81,81,13,13,13,120,120,120,96,96,96,97.6,1,2,1,GREEN
90000269,M,UNKNOWN,WALK IN,97.8,77,18,96,124,87,0,0,1,4,5,6,15,A,4,1,physiologic_baseline,BACK PAIN,90,105,95.33333333,17,18,17.33333333,109,131,118.3333333,95,100,97,99.2,3,1,1,GREEN
90000270,M,HISPANIC/LATINO - SALVADORAN,UNKNOWN,98.7,74,15,96,106,75,0,2,1,4,5,6,15,A,4,1,physiologic_baseline,HEADACHE,71,81,75.33333333,16,19,17.66666667,106,127,117.6666667,95,100,97.66666667,98.5,3,1,1,GREEN
90000271,F,HISPANIC/LATINO - CUBAN,WALK IN,98.1,76,18,98,123,87,0,4,1,4,5,5,14,A,4,0,physiologic_baseline,HEADACHE,72,90,83.66666667,14,16,15.33333333,103,121,114,96,99,97.33333333,99.2,3,1,3,GREEN
90000275,F,MULTIPLE RACE/ETHNICITY,WALK IN,99.2,79,15,97,118,88,0,1,1,4,4,6,14,A,4,1,physiologic_baseline,BACK PAIN,79,87,82,14,16,14.66666667,118,122,120.6666667,96,99,97.33333333,98.4,3,1,2,GREEN
90000279,F,WHITE,WALK IN,97.9,70,17,95,113,72,0,2,1,4,5,6,15,A,4,1,physiologic_baseline,MINOR LACERATION,96,96,96,18,18,18,124,124,124,97,97,97,98.9,1,2,4,GREEN
90000280,F,WHITE,WALK IN,97.7,85,22,95,117,85,0,2,1,4,5,6,15,A,4,1,physiologic_baseline,BACK PAIN,76,86,81,14,20,17,98,124,111,95,97,96,98.2,2,1,2,GREEN
90000281,F,WHITE,WALK IN,97.3,82,18,97,126,96,0,2,1,4,5,6,15,A,4,1,physiologic_baseline,RASH,81,81,81,16,16,16,135,135,135,98,98,98,98.3,1,2,3,GREEN
90000282,M,UNABLE TO OBTAIN,WALK IN,97.6,79,20,93,109,62,0,5,1,4,5,6,15,A,4,1,physiologic_baseline,HEADACHE,80,111,95.5,18,19,18.5,106,113,109.5,96,97,96.5,98.6,2,1,1,GREEN
90000285,M,HISPANIC/LATINO - SALVADORAN,OTHER,98.1,62,19,96,115,75,0,5,1,4,5,6,15,A,4,1,physiologic_baseline,RASH,99,99,99,17,17,17,112,112,112,98,98,98,98.2,1,1,2,GREEN
90000288,M,WHITE - OTHER EUROPEAN,AMBULANCE,97.5,87,16,96,130,102,0,5,1,4,5,6,15,A,4,1,physiologic_baseline,ANKLE INJURY,86,99,90.66666667,15,21,18,97,121,112.3333333,95,99,97.33333333,98.6,3,2,2,GREEN
90000300,F,WHITE - OTHER EUROPEAN,WALK IN,98.9,113,21,97,119,84,0,4,1,4,5,6,15,A,4,1,physiologic_baseline,HEADACHE,92,92,92,18,18,18,113,113,113,95,95,95,99.3,1,1,3,GREEN
90000307,M,OTHER,WALK IN,98.7,99,18,99,114,80,0,3,1,4,5,6,15,A,4,1,physiologic_baseline,RASH,77,77,77,13,13,13,131,131,131,97,97,97,98.1,1,1,1,GREEN
90000308,F,HISPANIC/LATINO - CUBAN,WALK IN,97.4,79,20,96,102,69,0,3,1,4,5,6,15,A,4,1,physiologic_baseline,RASH,78,78,78,19,19,19,103,103,103,98,98,98,98.4,1,1,2,GREEN
90000311,M,OTHER,WALK IN,98.7,69,20,97,115,78,0,3,1,4,5,6,15,A,4,1,physiologic_baseline,HEADACHE,78,94,86,16,19,17.5,111,117,114,96,100,98,98.5,2,2,3,GREEN
90000313,F,PATIENT DECLINED TO ANSWER,WALK IN,99,94,19,98,122,80,0,5,1,4,4,6,14,A,4,1,physiologic_baseline,MINOR LACERATION,74,92,82,16,18,17,109,130,120,93,98,96,99,3,2,1,GREEN
90000314,F,WHITE - OTHER EUROPEAN,WALK IN,97.7,91,17,93,119,71,0,4,1,4,5,6,15,A,4,1,physiologic_baseline,ANKLE INJURY,85,85,85,16,16,16,125,125,125,93,93,93,97.9,1,2,6,GREEN
90000315,M,MULTIPLE RACE/ETHNICITY,WALK IN,98.5,63,17,97,117,86,0,3,1,4,5,6,15,A,4,1,physiologic_baseline,ANKLE INJURY,81,83,82,16,19,17.5,113,120,116.5,97,98,97.5,98.6,2,2,2,GREEN
90000317,M,WHITE - OTHER EUROPEAN,WALK IN,98,89,16,96,122,89,0,1,1,4,5,6,15,A,4,1,physiologic_baseline,RASH,78,84,80.66666667,13,19,15.66666667,112,127,117,95,100,97.33333333,98.8,3,1,2,GREEN
90000321,M,HISPANIC/LATINO - SALVADORAN,WALK IN,97.6,88,20,98,116,74,0,2,1,4,5,6,15,A,4,1,physiologic_baseline,MINOR LACERATION,71,71,71,18,18,18,110,110,110,97,97,97,98.7,1,2,2,GREEN
90000330,M,MULTIPLE RACE/ETHNICITY,UNKNOWN,97.5,87,16,97,112,68,0,0,1,4,5,6,15,A,4,1,physiologic_baseline,MINOR LACERATION,72,82,77,17,18,17.5,107,124,115.5,96,98,97,99.3,2,1,2,GREEN
90000333,F,UNABLE TO OBTAIN,WALK IN,97.8,82,17,98,121,87,0,4,1,4,5,6,15,A,4,1,physiologic_baseline,MINOR LACERATION,68,74,71,17,19,18,118,131,124.5,96,98,97,98.5,2,1,1,GREEN
90000337,F,WHITE - OTHER EUROPEAN,OTHER,98.4,85,20,94,114,81,0,4,1,4,5,6,15,A,4,1,physiologic_baseline,ANKLE INJURY,85,85,85,19,19,19,115,115,115,93,93,93,97.4,1,1,1,GREEN
90000339,M,HISPANIC/LATINO - CUBAN,WALK IN,98.6,63,16,99,124,94,0,3,1,4,5,6,15,A,4,1,physiologic_baseline,HEADACHE,78,86,82,15,21,18,116,129,122.5,98,99,98.5,98.7,2,2,0,GREEN
90000346,M,PATIENT DECLINED TO ANSWER,OTHER,97.8,111,18,98,114,66,0,6,1,4,5,6,15,A,4,1,physiologic_baseline,ANKLE INJURY,68,82,75.33333333,18,20,18.66666667,106,124,113.3333333,98,100,99,98.8,3,1,5,GREEN
90000348,M,HISPANIC/LATINO - SALVADORAN,WALK IN,98.2,71,18,95,124,86,0,1,1,4,5,6,15,A,4,1,physiologic_baseline,BACK PAIN,78,85,81.5,17,17,17,104,116,110,94,95,94.5,98.2,2,1,1,GREEN
90000367,F,PATIENT DECLINED TO ANSWER,WALK IN,98.9,91,16,98,120,81,0,3,1,4,5,5,14,A,4,0,physiologic_baseline,BACK PAIN,75,90,81,12,15,14,121,129,126,96,98,97,98.5,3,2,1,GREEN
90000370,F,WHITE,WALK IN,98.2,103,19,95,119,73,0,5,1,4,5,6,15,A,4,1,physiologic_baseline,MINOR LACERATION,76,76,76,17,17,17,118,118,118,98,98,98,98.9,1,2,0,GREEN
90000371,M,HISPANIC/LATINO - SALVADORAN,OTHER,98.5,85,20,98,121,81,0,3,1,4,5,6,15,A,4,1,physiologic_baseline,HEADACHE,82,82,82,14,14,14,118,118,118,99,99,99,97.6,1,2,1,GREEN
90000372,M,WHITE,WALK IN,98.4,71,18,97,119,90,0,3,1,4,4,6,14,A,4,1,physiologic_baseline,ANKLE INJURY,66,88,77,15,16,15.5,119,122,120.5,96,98,97,98.5,2,1,5,GREEN
90000383,F,WHITE - OTHER EUROPEAN,WALK IN,98.8,81,20,96,121,82,0,3,1,4,5,6,15,A,4,1,physiologic_baseline,HEADACHE,61,78,69.5,17,19,18,115,129,122,95,98,96.5,98.7,2,1,0,GREEN
90000393,F,BLACK/AFRICAN AMERICAN,WALK IN,98.3,98,14,97,104,58,0,0,1,4,5,6,15,A,4,1,physiologic_baseline,ANKLE INJURY,81,81,81,19,19,19,117,117,117,97,97,97,98.1,1,1,0,GREEN
90000396,M,WHITE - OTHER EUROPEAN,WALK IN,98.6,86,20,98,120,77,0,3,1,4,5,6,15,A,4,1,physiologic_baseline,BACK PAIN,75,85,78.66666667,16,18,17,103,124,114,97,99,98,99.2,3,2,3,GREEN
90000399,M,UNKNOWN,WALK IN,98.5,83,18,99,113,72,0,3,1,4,5,6,15,A,4,1,physiologic_baseline,MINOR LACERATION,87,87,87,16,16,16,122,122,122,98,98,98,97.9,1,2,2,GREEN
90000412,F,WHITE - OTHER EUROPEAN,AMBULANCE,98.7,85,22,94,106,65,0,1,1,4,5,6,15,A,4,1,physiologic_baseline,MINOR LACERATION,49,74,59.33333333,18,25,21.66666667,102,108,105.3333333,92,96,94,99.6,3,2,1,GREEN
90000415,M,PATIENT DECLINED TO ANSWER,WALK IN,100.6,86,20,97,120,77,0,3,1,4,5,6,15,A,4,1,physiologic_baseline,ANKLE INJURY,54,108,89,18,22,20.25,99,117,108.25,94,96,95,100.5,4,2,2,GREEN
90000434,M,WHITE,WALK IN,97.4,53,20,93,118,79,0,2,1,4,5,6,15,A,4,1,physiologic_baseline,MINOR LACERATION,96,118,107,19,19,19,108,112,110,95,96,95.5,100.8,2,2,0,GREEN
90000437,F,WHITE,WALK IN,,,,,,,0,,,4,5,6,15,A,4,1,physiologic_baseline,BACK PAIN,53,88,74,17,19,18.33333333,93,117,107.6666667,93,94,93.66666667,100.8,3,1,3,GREEN
90000446,M,WHITE - OTHER EUROPEAN,WALK IN,100.7,75,17,95,108,66,0,4,1,4,5,6,15,A,4,1,physiologic_baseline,ANKLE INJURY,82,88,84,21,22,21.33333333,103,111,108,96,98,97,100.9,3,1,3,GREEN
90000450,M,MULTIPLE RACE/ETHNICITY,AMBULANCE,100.2,98,18,95,127,81,0,2,1,4,5,6,15,A,4,1,physiologic_baseline,BACK PAIN,52,81,71.25,15,22,18.25,118,135,123.75,93,100,96.75,101.2,4,2,5,GREEN
90000451,F,BLACK/AFRICAN AMERICAN,WALK IN,98.2,113,11,97,120,89,0,1,1,4,5,6,15,A,4,1,physiologic_baseline,MINOR LACERATION,48,106,81.66666667,17,22,19.33333333,100,133,116.6666667,96,97,96.66666667,99.5,3,1,0,GREEN
90000452,F,HISPANIC/LATINO - CUBAN,WALK IN,100.5,90,18,95,127,86,0,7,1,4,5,6,15,A,4,1,physiologic_baseline,BACK PAIN,49,72,60.5,18,22,20,107,111,109,94,95,94.5,100.6,2,2,1,GREEN
10002428,F,WHITE,AMBULANCE,,,,,,,0,,,1,1,1,3,U,1,0,documented_unresponsive,RESP ARREST,66,66,66,18,18,18,107,107,107,99,99,99,97.4,1,2,10,RED
10002428,F,WHITE,AMBULANCE,100.2,95,28,100,99,47,0,,0,4,5,6,15,A,4,1,physiologic_baseline,LETHARGY/SOB,90,101,97,26,30,28.2,80,104,95.4,98,98,98,98.7,5,4,11,RED
10003400,F,BLACK/AFRICAN AMERICAN,AMBULANCE,97.7,91,16,100,111,68,0,10,1,4,4,5,13,V,3,0,documented_altered_mental_status,Altered mental status,78,95,86,10,18,15.25,117,144,133.25,98,100,99,98,5,2,11,RED
10004235,M,MULTIPLE RACE/ETHNICITY,AMBULANCE,,,,,,,0,,,1,1,1,3,U,1,0,documented_unresponsive,S/P ARREST,,,,,,,,,,,,,,0,4,0,RED
10004720,M,WHITE,UNKNOWN,,,,,,,0,,0,1,1,1,3,U,1,0,documented_unresponsive,"Cardiac arrest, Transfer",77,87,82.2,14,40,20.73333333,111,140,130.8666667,97,100,98.4,35.3,16,2,15,RED
10009049,M,WHITE,AMBULANCE,99,87,18,96,126,68,0,0,1,4,5,6,15,A,4,1,physiologic_baseline,Chest pain,89,105,99.33333333,30,32,31,106,124,117.6666667,94,96,95,104.9,4,1,1,RED
10010471,F,WHITE,UNKNOWN,,,,,,,0,,0,1,1,1,3,U,1,0,documented_unresponsive,s/p cardiac arrest,78,91,86.61538462,16,22,19.4,84,148,122.7857143,95,100,98.25,97.6,15,1,7,RED
10012853,F,BLACK/AFRICAN AMERICAN,AMBULANCE,,,,,,,0,,,4,5,6,15,A,4,1,physiologic_baseline,SOB,50,179,78.61538462,16,37,22.07692308,88,146,110.6923077,95,100,98.53846154,98.2,13,3,0,RED
10014354,M,WHITE,AMBULANCE,98.2,104,16,98,160,80,0,5,1,3,4,6,13,V,3,1,documented_altered_mental_status,"Confusion, s/p Fall",70,104,77.4,15,18,16.2,115,160,137.4,97,100,98,98.2,5,4,37,RED
10016742,F,BLACK/AFRICAN AMERICAN,AMBULANCE,96.8,98,16,100,147,89,0,,0,4,5,6,15,A,4,1,physiologic_baseline,"Transfer, Abnormal EKG",86,98,92.16666667,16,20,19.33333333,78,147,111.1666667,99,100,99.5,99.2,6,1,0,RED
10019003,F,WHITE,AMBULANCE,97.8,92,26,95,116,57,0,0,1,4,4,6,14,A,4,1,physiologic_baseline,Anemia,86,92,88.8,18,34,27.2,92,116,106,95,98,96.4,97.8,5,3,14,RED
10019777,M,WHITE,AMBULANCE,98.1,90,18,98,110,68,0,0,1,4,5,6,15,A,4,1,physiologic_baseline,Hematemesis,78,98,87.29411765,9,26,17.17647059,69,143,119,96,100,98.76470588,,17,1,5,RED
10020640,F,WHITE,AMBULANCE,99.2,130,32,94,106,74,0,,,4,5,6,15,A,4,1,physiologic_baseline,SOB/ABNL LABS,110,129,121.25,28,37,31,105,123,115,96,100,97.75,100.8,4,5,14,RED
10020740,M,WHITE,AMBULANCE,98.1,86,17,98,124,74,0,10,1,3,4,6,13,A,4,1,documented_altered_mental_status,"Psychiatric hold, Altered mental status",82,90,86,16,20,18,11,119,65,99,100,99.5,98.2,2,3,8,RED
10021938,M,WHITE,AMBULANCE,,,,,,,0,,,4,3,5,12,V,3,0,documented_altered_mental_status,Confusion,80,81,80.66666667,18,20,18.66666667,124,129,125.6666667,94,97,95.5,99.7,3,1,11,RED
10026406,M,WHITE,AMBULANCE,98,105,20,98,153,77,0,10,1,2,3,6,11,A,4,1,documented_toxidrome,Assault,73,117,88.04545455,14,32,17.95454545,100,142,120.047619,95,99,96.45454545,98.3,22,4,0,RED
10029291,F,UNKNOWN,UNKNOWN,,124,32,99,105,76,0,,0,4,5,6,15,A,4,1,physiologic_baseline,"Transfer, PE",109,124,114.3333333,14,33,26.33333333,71,105,90.66666667,98,100,99,,3,1,0,RED
10032725,F,BLACK/AFRICAN AMERICAN,AMBULANCE,,,,,,,0,,,4,3,6,13,A,4,1,documented_altered_mental_status,FACIAL DROOP,,,,,,,,,,,,,,0,5,0,RED
90000001,F,HISPANIC/LATINO - SALVADORAN,AMBULANCE,97.7,114,27,84,102,69,0,,,2,5,4,11,V,3,0,documented_no_loc,GI BLEED,49,127,100.2,22,34,27.6,85,98,91.8,81,92,86.2,98.1,5,3,4,RED
90000010,F,MULTIPLE RACE/ETHNICITY,AMBULANCE,99.2,112,32,85,86,51,0,,,4,5,6,15,A,4,1,documented_no_loc,GI BLEED,108,135,122.8333333,22,38,29.66666667,82,108,91.5,79,89,84.16666667,99.3,6,4,5,RED
90000012,F,UNKNOWN,AMBULANCE,100.3,124,30,85,74,30,0,,,3,5,4,12,V,3,0,documented_intracranial_injury,HEAD BLEED,117,131,122.75,25,33,28.75,69,113,87.75,81,89,85.75,99,4,3,3,RED
90000017,M,WHITE,AMBULANCE,100.1,111,32,85,89,53,0,,,3,5,6,14,A,4,1,physiologic_baseline,SOB,46,135,98.42857143,25,33,29.28571429,72,101,87.71428571,81,89,85,98.6,7,1,4,RED
90000022,F,UNABLE TO OBTAIN,AMBULANCE,99.5,133,33,81,80,41,0,,,3,5,6,14,A,4,1,documented_no_loc,HEAD BLEED,40,137,99.14285714,21,38,30,65,97,82.14285714,79,87,84,98.4,7,2,4,RED
90000040,M,HISPANIC/LATINO - CUBAN,AMBULANCE,97.1,37,36,83,90,57,0,,,4,5,5,14,A,4,0,documented_no_loc,HEAD BLEED,103,132,116,24,35,30.66666667,80,107,91,78,90,84,98.7,3,4,4,RED
90000071,M,WHITE,AMBULANCE,,,,,,,0,,,3,4,6,13,V,3,1,documented_intracranial_injury,HEAD BLEED,42,128,108.1666667,25,34,29.66666667,55,89,78.83333333,77,89,83.83333333,99.3,6,3,5,RED
90000098,F,MULTIPLE RACE/ETHNICITY,AMBULANCE,98,140,29,86,87,55,0,,,2,4,6,12,V,3,1,physiologic_baseline,MVC/TRAUMA,55,116,84,23,35,27.6,82,98,89,83,92,87.2,99.5,5,4,5,RED
90000102,M,PATIENT DECLINED TO ANSWER,AMBULANCE,98.6,130,28,83,81,49,0,,,3,5,6,14,A,4,1,physiologic_baseline,SOB,77,121,103.25,23,32,28.75,73,98,82,81,90,84.75,98.4,4,1,2,RED
90000108,M,UNKNOWN,AMBULANCE,99,128,30,83,78,40,0,,,1,5,6,12,V,3,1,physiologic_baseline,MVC/TRAUMA,75,131,114.2857143,25,35,29.14285714,79,101,91.42857143,80,93,86.28571429,99.2,7,1,1,RED
90000114,F,OTHER,OTHER,97.9,126,34,83,68,35,0,,,1,4,6,11,V,3,1,documented_no_loc,HEAD BLEED,56,140,107.5,25,37,29.16666667,71,91,84,80,88,84.33333333,100,6,1,2,RED
90000135,M,HISPANIC/LATINO - SALVADORAN,AMBULANCE,97.3,121,31,84,90,57,0,,,3,5,6,14,A,4,1,physiologic_baseline,GI BLEED,49,122,89.66666667,28,36,32,59,108,83.66666667,82,90,85.66666667,99.4,3,3,4,RED
90000149,M,WHITE,AMBULANCE,99,144,29,84,67,32,0,,,1,5,6,12,P,2,1,physiologic_baseline,SEPSIS,112,134,122.3333333,21,38,29,74,94,80.66666667,80,89,84.66666667,100.1,3,2,6,RED
90000165,F,WHITE,AMBULANCE,97.3,114,30,81,68,32,0,,,3,5,4,12,V,3,0,physiologic_baseline,SOB,47,149,109.2,24,39,30.4,71,100,85,81,88,84.4,98.8,5,3,2,RED
90000168,M,WHITE,AMBULANCE,97.7,106,29,85,78,39,0,,,4,4,6,14,A,4,1,physiologic_baseline,SOB,48,145,108.8333333,23,34,28.5,70,102,87.33333333,81,90,85.83333333,99.9,6,3,5,RED
90000172,M,BLACK/AFRICAN AMERICAN,AMBULANCE,97.2,121,27,86,106,61,0,,,3,4,6,13,V,3,1,documented_no_loc,SEPSIS,108,129,114.2,21,31,25.8,74,110,90.6,80,92,86.6,99.6,5,4,1,RED
90000177,M,PATIENT DECLINED TO ANSWER,AMBULANCE,97.7,66,31,83,79,40,0,,,4,4,6,14,A,4,1,documented_no_loc,SOB,113,131,120.8333333,22,32,27,69,106,86.66666667,81,87,84.16666667,99.7,6,4,4,RED
90000179,M,UNKNOWN,AMBULANCE,97.7,123,29,86,82,47,0,,,3,5,6,14,A,4,1,physiologic_baseline,SEPSIS,68,117,101.3333333,23,30,26.83333333,83,100,91.66666667,81,92,86.33333333,99.3,6,1,4,RED
90000180,M,HISPANIC/LATINO - SALVADORAN,AMBULANCE,,,,,,,0,,,4,5,6,15,A,4,1,physiologic_baseline,MVC/TRAUMA,58,101,75.66666667,26,33,29.66666667,80,94,86.66666667,81,90,85,99.1,3,2,4,RED
90000189,F,MULTIPLE RACE/ETHNICITY,OTHER,97.2,134,27,86,78,41,0,,,4,5,6,15,A,4,1,physiologic_baseline,GI BLEED,46,152,110,24,31,27.42857143,75,108,87.14285714,83,90,86.57142857,98.4,7,3,1,RED
90000196,M,UNABLE TO OBTAIN,AMBULANCE,99,132,31,83,87,44,0,,,4,4,6,14,A,4,1,documented_no_loc,MVC/TRAUMA,47,140,103.7142857,23,35,30.42857143,75,101,86.85714286,80,89,84.42857143,99.3,7,4,4,RED
90000217,M,OTHER,AMBULANCE,97.6,125,32,80,100,67,0,,,4,5,6,15,A,4,1,physiologic_baseline,SOB,51,136,113.5714286,26,36,31.14285714,68,98,83.14285714,79,91,83.85714286,99.9,7,1,4,RED
90000222,M,WHITE,AMBULANCE,97.2,110,29,87,85,50,0,,,4,5,6,15,A,4,1,physiologic_baseline,SEPSIS,62,124,104,21,31,26.14285714,73,99,85.57142857,83,93,88.28571429,99.6,7,1,1,RED
90000224,M,BLACK/AFRICAN AMERICAN,AMBULANCE,98.1,51,30,83,91,43,0,,,3,5,5,13,V,3,0,physiologic_baseline,MVC/TRAUMA,52,138,108,26,34,30.4,59,104,78.6,78,91,83.6,99.5,5,2,5,RED
90000231,M,UNKNOWN,AMBULANCE,97,146,32,82,80,34,0,,,2,5,6,13,V,3,1,documented_no_loc,SEPSIS,49,124,95,28,39,32.66666667,63,96,77.66666667,76,88,82.33333333,100,3,3,4,RED
90000233,M,PATIENT DECLINED TO ANSWER,AMBULANCE,97.7,54,30,84,76,41,0,,,1,5,6,12,V,3,1,documented_no_loc,MVC/TRAUMA,106,141,122.8,25,33,29,77,97,82.6,79,88,83.6,98.8,5,2,3,RED
90000239,F,WHITE - OTHER EUROPEAN,AMBULANCE,97.9,114,26,91,95,63,0,,,3,5,6,14,A,4,1,documented_no_loc,HEAD BLEED,90,118,106.75,20,27,24,100,114,105.5,88,95,90.5,99,4,3,2,RED
90000244,M,WHITE - OTHER EUROPEAN,AMBULANCE,98.2,131,29,85,82,53,0,,,3,4,6,13,V,3,1,documented_no_loc,SEPSIS,60,134,111,22,32,28.33333333,61,85,75.66666667,80,89,84.33333333,100.1,6,4,3,RED
90000250,F,WHITE,AMBULANCE,98.4,129,32,80,71,30,0,,,2,3,6,11,V,3,1,documented_no_loc,MVC/TRAUMA,104,157,128.5,26,35,29.66666667,64,89,80.5,80,87,83.83333333,99,6,4,5,RED
90000260,F,UNABLE TO OBTAIN,OTHER,98.6,130,32,81,82,36,0,,,3,4,6,13,V,3,1,documented_no_loc,SOB,91,141,116,28,39,31,67,89,79.75,79,89,84.25,99.2,4,4,4,RED
90000263,F,PATIENT DECLINED TO ANSWER,AMBULANCE,98.2,109,29,88,97,68,0,,,4,5,6,15,A,4,1,physiologic_baseline,SOB,86,113,102.3333333,21,29,24.16666667,86,109,96.5,85,92,88,99,6,1,3,RED
90000278,F,OTHER,AMBULANCE,98,43,29,84,75,36,0,,,1,4,4,9,P,2,0,documented_intracranial_injury,HEAD BLEED,105,145,119.4285714,26,36,29.57142857,72,96,83,80,88,84.71428571,99.4,7,2,3,RED
90000291,F,BLACK/AFRICAN AMERICAN,AMBULANCE,99.7,114,35,83,85,46,0,,,2,5,5,12,V,3,0,documented_no_loc,MVC/TRAUMA,119,151,128.2,25,37,31.4,61,92,75.6,80,89,82.8,99.8,5,3,3,RED
90000293,F,UNABLE TO OBTAIN,AMBULANCE,98.8,122,28,83,73,32,0,,,3,4,6,13,P,2,1,documented_no_loc,GI BLEED,90,132,115.4,24,33,27.8,76,114,92.6,85,91,87,99.5,5,3,3,RED
90000303,F,HISPANIC/LATINO - CUBAN,AMBULANCE,98,126,30,81,75,34,0,,,3,5,6,14,A,4,1,physiologic_baseline,MVC/TRAUMA,51,134,103.5,30,39,33.83333333,68,94,80.83333333,75,89,83.66666667,99.4,6,1,4,RED
90000318,M,HISPANIC/LATINO - SALVADORAN,AMBULANCE,97.8,117,29,86,89,59,0,,,4,5,6,15,A,4,1,documented_no_loc,SEPSIS,93,127,111.4,22,35,28.4,72,102,88.6,83,88,85.6,99.8,5,1,3,RED
90000319,M,HISPANIC/LATINO - SALVADORAN,AMBULANCE,99.4,107,33,82,90,48,0,,,4,4,6,14,A,4,1,physiologic_baseline,SEPSIS,95,123,112,21,32,26.57142857,62,106,86.85714286,80,90,85.57142857,99.3,7,1,6,RED
90000323,M,UNKNOWN,AMBULANCE,,,,,,,0,,,4,5,6,15,A,4,1,physiologic_baseline,GI BLEED,42,137,104.6666667,26,34,30.16666667,64,105,83,80,91,84.16666667,99.7,6,1,9,RED
90000338,M,UNKNOWN,AMBULANCE,98.4,133,32,86,90,45,0,,,4,5,6,15,A,4,1,documented_no_loc,GI BLEED,103,124,111,24,35,28,66,95,83.66666667,83,91,85.66666667,98.6,3,4,1,RED
90000340,F,BLACK/AFRICAN AMERICAN,AMBULANCE,100.2,127,36,81,77,33,0,,,2,5,5,12,V,3,0,documented_no_loc,SEPSIS,46,149,112.1666667,27,35,31.66666667,55,94,75.33333333,77,89,82.66666667,98,6,3,6,RED
90000345,F,MULTIPLE RACE/ETHNICITY,AMBULANCE,97.9,104,30,86,85,42,0,,,4,4,6,14,A,4,1,physiologic_baseline,SOB,45,138,108.7142857,23,32,27.42857143,70,103,87.57142857,83,92,86.85714286,98.7,7,2,3,RED
90000368,F,WHITE - OTHER EUROPEAN,OTHER,97.5,107,27,86,93,65,0,,,2,3,5,10,V,3,0,documented_intracranial_injury,HEAD BLEED,107,125,118.3333333,24,32,28,58,102,84.83333333,81,93,87.33333333,99.1,6,1,6,RED
90000375,F,UNABLE TO OBTAIN,AMBULANCE,97.9,112,30,85,74,32,0,,,4,4,5,13,V,3,0,documented_no_loc,SEPSIS,100,139,115.8,24,33,29.4,73,101,82.2,81,90,84.8,99.4,5,3,3,RED
90000386,M,OTHER,AMBULANCE,97.5,133,29,88,79,39,0,,,3,5,6,14,A,4,1,documented_no_loc,SEPSIS,64,135,102.5,22,32,25.83333333,72,103,86.66666667,79,91,86,99.6,6,4,3,RED
90000388,M,WHITE - OTHER EUROPEAN,OTHER,99.5,138,34,79,80,47,0,,,2,5,6,13,V,3,1,documented_no_loc,MVC/TRAUMA,40,144,110.1666667,28,37,31.66666667,63,91,77.5,76,87,81.83333333,99.5,6,3,8,RED
90000395,M,WHITE - OTHER EUROPEAN,AMBULANCE,97.3,128,32,82,68,30,0,,,2,5,6,13,V,3,1,documented_no_loc,HEAD BLEED,112,139,125.4,28,35,31.2,70,94,80.2,77,90,84.2,98.4,5,3,2,RED
90000403,F,WHITE - OTHER EUROPEAN,AMBULANCE,98.9,40,37,79,82,52,0,,,3,4,6,13,V,3,1,documented_no_loc,MVC/TRAUMA,35,155,94.4,27,37,31.4,57,96,73.8,76,87,81.6,99.7,5,3,8,RED
90000404,F,UNABLE TO OBTAIN,AMBULANCE,99.6,39,34,80,67,31,0,,,1,3,5,9,P,2,0,documented_no_loc,MVC/TRAUMA,62,132,110,27,40,33,55,84,73.83333333,78,87,82.33333333,98.9,6,3,6,RED
90000405,F,MULTIPLE RACE/ETHNICITY,AMBULANCE,100,151,33,78,75,41,0,,,1,1,1,3,U,1,0,documented_unresponsive,MVC/TRAUMA,115,159,131.75,27,38,33.25,57,90,75.5,77,86,81.25,99.8,8,2,4,RED
90000406,M,PATIENT DECLINED TO ANSWER,AMBULANCE,,,,,,,0,,,1,1,1,3,U,1,0,documented_unresponsive,HEAD BLEED,52,148,119.1428571,29,36,32.71428571,69,97,80,75,88,81.57142857,99.1,7,2,8,RED
90000411,F,HISPANIC/LATINO - CUBAN,AMBULANCE,96.9,133,35,81,76,39,0,,,2,4,6,12,V,3,1,physiologic_baseline,SOB,35,139,108,26,39,31.4,61,89,74.6,77,87,82.4,98.5,5,2,3,RED
90000414,F,MULTIPLE RACE/ETHNICITY,AMBULANCE,97.8,134,35,81,84,47,0,,,1,1,1,3,U,1,0,documented_unresponsive,GI BLEED,65,136,117.8571429,27,40,32.57142857,63,95,74.85714286,75,88,81.57142857,99.7,7,4,1,RED
90000422,M,WHITE - OTHER EUROPEAN,AMBULANCE,97.5,144,34,80,76,30,0,,,1,1,1,3,U,1,0,documented_unresponsive,SOB,107,145,130.6,28,39,33.8,62,83,71.8,76,89,82.2,100.1,5,4,4,RED
90000425,F,MULTIPLE RACE/ETHNICITY,AMBULANCE,98,54,32,79,66,37,0,,,2,4,6,12,V,3,1,documented_no_loc,MVC/TRAUMA,37,154,109.1428571,24,38,32,56,93,72.57142857,77,88,81.71428571,99.2,7,2,5,RED
90000427,F,HISPANIC/LATINO - SALVADORAN,AMBULANCE,99.3,138,31,79,76,35,0,,,1,1,1,3,U,1,0,documented_unresponsive,SEPSIS,110,146,124.5,26,37,32.5,65,108,82.875,77,90,81.5,99.4,8,2,6,RED
90000428,F,WHITE,AMBULANCE,98,117,35,78,63,30,0,,,1,1,1,3,U,1,0,documented_unresponsive,HEAD BLEED,45,117,76.8,28,38,32.6,57,110,74.6,77,85,81.6,98.9,5,3,4,RED
90000429,F,HISPANIC/LATINO - CUBAN,AMBULANCE,97.2,136,35,83,64,30,0,,,3,5,5,13,V,3,0,documented_no_loc,MVC/TRAUMA,47,148,99.6,28,38,32.4,59,84,71,76,88,82,99.8,5,2,4,RED
90000430,F,WHITE,AMBULANCE,99,145,32,76,68,34,0,,,1,1,1,3,U,1,0,documented_unresponsive,SEPSIS,44,129,77.5,28,36,33.25,57,85,72.75,76,87,81,100.4,4,3,6,RED
90000435,F,OTHER,AMBULANCE,97.4,48,36,82,80,46,0,,,1,1,1,3,U,1,0,documented_unresponsive,GI BLEED,54,152,111.625,24,38,32.875,60,94,75.5,76,91,82.5,98.7,8,4,11,RED
90000436,M,HISPANIC/LATINO - CUBAN,AMBULANCE,98.1,133,34,80,73,30,0,,,1,1,1,3,U,1,0,documented_unresponsive,HEAD BLEED,35,132,85.8,26,39,32.6,55,86,77,77,84,81.4,98.9,5,4,5,RED
90000442,M,HISPANIC/LATINO - SALVADORAN,AMBULANCE,97.4,143,34,81,72,30,0,,,3,5,6,14,A,4,1,documented_no_loc,GI BLEED,46,143,110.875,27,38,32.875,63,94,78.625,77,86,81.125,99.4,8,2,6,RED
90000448,F,WHITE - OTHER EUROPEAN,AMBULANCE,,,,,,,0,,,1,1,1,3,U,1,0,documented_unresponsive,HEAD BLEED,62,150,117.75,26,39,31.25,55,94,73.5,78,88,82.875,99.5,8,3,10,RED
90000449,F,HISPANIC/LATINO - CUBAN,AMBULANCE,96.3,59,36,80,66,30,0,,,3,5,5,13,V,3,0,documented_no_loc,SOB,62,144,100.8,29,38,33,66,93,75.6,76,87,80.6,98.8,5,3,4,RED
90000510,F,WHITE,AMBULANCE,90.5,33,47,51,,,0,,0,2,2,5,9,P,2,0,documented_coma_stupor,CARDIAC ARREST,29.80680579,29.80680579,29.80680579,45.09981694,45.09981694,45.09981694,,,,50.22588497,50.22588497,50.22588497,90.7369741,1,5,2,RED
90000511,M,UNKNOWN,AMBULANCE,,18,0,56,,,0,,0,1,1,1,3,U,1,0,documented_unresponsive,S/P ARREST,16.06044533,16.85111747,16.3960505,0.428136435,1.55621791,0.816651324,,,,47.5897292,53.34015291,50.93812654,,3,4,3,RED
90000512,M,WHITE,AMBULANCE,94.2,41,36,46,52,33,0,,0,3,1,5,9,P,2,0,documented_coma_stupor,RESP ARREST,36.56558018,41.19416565,38.70826626,34.41097848,38.91404536,35.70041207,51.02311878,56.38952216,53.49954971,39.57528152,49.37644788,46.70761228,94.75741366,5,2,1,RED
90000513,M,WHITE,AMBULANCE,95.2,32,2,,60,40,0,,0,1,1,3,5,U,1,0,documented_coma_stupor,SOB,27.57440998,30.27401503,28.92421251,0,1.977186644,0.988593322,59.11718148,59.56580502,59.34149325,,,,95.60603257,2,5,14,RED
90000514,M,WHITE,AMBULANCE,97.5,28,44,68,,,0,,0,1,1,1,3,U,1,0,documented_unresponsive,SOB,23.20095706,32.05111444,27.19153367,41.80117655,50.29334628,45.33388287,,,,58.28200236,70.35474306,65.05682404,98.06584961,4,3,10,RED
90000516,M,WHITE,AMBULANCE,,27,5,,,,0,,0,1,1,1,3,U,1,0,documented_unresponsive,S/P ARREST,25.07100657,27.21253934,25.85131964,4.514597109,5.56859569,4.92066765,,,,,,,,3,4,0,RED
90000517,M,WHITE - OTHER EUROPEAN,AMBULANCE,97.6,,47,,,,0,,0,1,2,3,6,P,2,0,documented_coma_stupor,FOUND DOWN,,,,51.22687516,51.22687516,51.22687516,,,,,,,98.13358636,1,4,11,RED
90000518,F,WHITE,AMBULANCE,95.4,164,5,73,,,0,,0,1,1,1,3,U,1,0,documented_unresponsive,OVERDOSE,126.1531902,162.740668,144.4469291,4.177978285,4.45009486,4.314036573,,,,76.716431,79.80325769,78.25984434,96.189955,2,4,7,RED
90000519,M,PATIENT DECLINED TO ANSWER,AMBULANCE,94.6,163,40,38,,,0,,0,1,1,1,3,U,1,0,documented_unresponsive,S/P ARREST,164.7956978,164.7956978,164.7956978,40.90331331,40.90331331,40.90331331,,,,37.28212197,37.28212197,37.28212197,94.8007902,1,5,0,RED
90000520,M,WHITE,AMBULANCE,90.3,152,44,74,65,33,0,,0,1,1,1,3,U,1,0,documented_unresponsive,UNRESPONSIVE,146.3125219,156.1881743,149.7633616,42.51243914,47.48831251,44.56679803,69.62305602,70.87189316,70.33564426,70.4989401,80.99170751,75.43200742,90.54692087,3,3,7,RED
90000521,M,PATIENT DECLINED TO ANSWER,AMBULANCE,,31,42,43,61,25,0,,0,1,1,3,5,U,1,0,documented_coma_stupor,RESP ARREST,30.72563459,33.40643782,31.74330912,40.07883023,46.98191314,43.77037478,54.68550433,68.65539407,61.76281632,43.12082006,49.92510893,45.88217681,,4,4,9,RED
90000523,F,PATIENT DECLINED TO ANSWER,AMBULANCE,92,162,0,54,43,22,0,,0,1,1,2,4,U,1,0,documented_coma_stupor,SOB,165.9420696,172.3678491,169.1549594,0,0,0,39.090561,46.92410109,43.00733104,49.00003712,53.47660415,51.23832063,92.51641523,2,5,14,RED
90000524,M,WHITE,AMBULANCE,93.1,,2,48,45,20,0,,0,1,1,3,5,U,1,0,documented_coma_stupor,OVERDOSE,,,,2.704422143,2.704422143,2.704422143,53.81213734,53.81213734,53.81213734,45.31540216,45.31540216,45.31540216,93.60591838,1,3,5,RED
90000525,M,WHITE,AMBULANCE,93.5,22,2,61,,,0,,0,1,1,1,3,U,1,0,documented_unresponsive,OVERDOSE,21.94261807,22.36606015,22.10323429,2.042358648,2.881209865,2.583567817,,,,52.93010387,62.54401253,57.11204956,93.6710146,3,2,12,RED
90000526,M,WHITE,AMBULANCE,,182,37,63,,,0,,0,1,1,2,4,U,1,0,documented_coma_stupor,GSW,188.7661332,189.7168202,189.2414767,36.64877442,38.41187511,37.53032477,,,,63.0028808,67.75148293,65.37718187,,2,3,9,RED
90000529,F,HISPANIC/LATINO - CUBAN,AMBULANCE,91.4,18,43,76,,,0,,0,1,1,1,3,U,1,0,documented_unresponsive,GSW,16.37268256,16.37268256,16.37268256,46.09378771,46.09378771,46.09378771,,,,71.02967046,71.02967046,71.02967046,92.06225678,1,2,2,RED
90000530,F,HISPANIC/LATINO - CUBAN,AMBULANCE,97.1,148,6,,,,0,,0,1,1,1,3,U,1,0,documented_unresponsive,FOUND DOWN,141.929808,169.2327386,151.6447698,5.311041219,6.174527857,5.781675837,,,,,,,97.42111513,3,5,10,RED
90000531,M,BLACK/AFRICAN AMERICAN,AMBULANCE,97.7,188,0,,,,0,,0,1,1,1,3,U,1,0,documented_unresponsive,CARDIAC ARREST,177.8662178,177.8662178,177.8662178,0,0,0,,,,,,,98.00891654,1,2,0,RED
90000534,F,WHITE,AMBULANCE,97.5,22,2,74,,,0,,0,1,1,1,3,U,1,0,documented_unresponsive,UNRESPONSIVE,22.44747011,25.85310865,23.78012377,0.955631313,3.260094003,1.828003295,,,,69.5844254,80.89749585,76.70839393,97.66943762,3,2,1,RED
90000535,M,WHITE,AMBULANCE,94.4,19,43,47,46,20,0,,0,1,1,1,3,U,1,0,documented_unresponsive,GSW,17.10981428,17.10981428,17.10981428,46.47632895,46.47632895,46.47632895,42.86700227,42.86700227,42.86700227,47.65562246,47.65562246,47.65562246,95.03597501,1,5,10,RED
90000537,F,BLACK/AFRICAN AMERICAN,AMBULANCE,94.6,157,7,38,,,0,,0,1,1,3,5,U,1,0,documented_coma_stupor,S/P ARREST,147.4943987,177.1506082,161.9620547,6.113114757,7.527103716,7.100462471,,,,39.14226277,45.18655188,41.74346941,95.24020838,5,4,1,RED
90000538,M,BLACK/AFRICAN AMERICAN,AMBULANCE,94.4,20,4,54,,,0,,0,1,1,1,3,U,1,0,documented_unresponsive,RESP ARREST,18.28818755,21.22750964,20.34443437,3.859253882,4.994649877,4.383855685,,,,52.76965394,54.86454941,53.67899822,94.96076036,4,2,4,RED
90000539,M,HISPANIC/LATINO - CUBAN,AMBULANCE,,187,47,67,,,0,,0,1,1,1,3,U,1,0,documented_unresponsive,CARDIAC ARREST,185.7064986,189.6446594,187.675579,47.30462651,47.99796858,47.65129755,,,,56.60294565,72.4723044,64.53762502,,2,2,4,RED
90000540,M,WHITE,AMBULANCE,96.1,153,5,42,53,20,0,,0,1,1,1,3,U,1,0,documented_unresponsive,OVERDOSE,143.0901764,143.0901764,143.0901764,6.348024999,6.348024999,6.348024999,51.35038884,51.35038884,51.35038884,41.62995743,41.62995743,41.62995743,96.47914376,1,4,10,RED
90000543,F,MULTIPLE RACE/ETHNICITY,AMBULANCE,96,32,5,60,,,0,,0,2,1,4,7,P,2,0,documented_coma_stupor,OVERDOSE,30.5122876,35.25404359,33.2684484,3.90114707,6.331902036,5.320343416,,,,58.7671763,66.05738569,62.40496368,96.08022383,4,3,3,RED
90000545,M,PATIENT DECLINED TO ANSWER,AMBULANCE,96.7,29,37,,,,0,,0,1,1,1,3,U,1,0,documented_unresponsive,GSW,27.79971887,28.51804834,28.01171013,35.13048493,36.97057724,36.24872462,,,,,,,97.02401775,4,4,6,RED
90000547,M,HISPANIC/LATINO - CUBAN,AMBULANCE,,27,46,,56,37,0,,0,1,1,2,4,U,1,0,documented_coma_stupor,SOB,24.93567547,29.06781145,27.43862027,39.86624025,47.76396127,44.45598388,52.1717582,62.01515864,57.37699345,,,,,4,4,1,RED
90000552,F,WHITE - OTHER EUROPEAN,AMBULANCE,98.2,158,3,62,45,20,0,,0,1,1,1,3,U,1,0,documented_unresponsive,GSW,135.1594161,158.553277,147.1863935,2.251723405,4.212781925,3.391099681,45.22424005,50.0859114,48.13039065,57.57094898,65.01479897,62.17875589,98.83623932,4,2,0,RED
90000553,F,PATIENT DECLINED TO ANSWER,AMBULANCE,90,,2,,56,22,0,,0,1,1,1,3,U,1,0,documented_unresponsive,CARDIAC ARREST,,,,0.685361892,3.865856521,1.834405279,46.60087012,59.20048628,52.14137078,,,,90.53848463,3,5,12,RED
10002428,F,WHITE,AMBULANCE,98.4,100,16,96,126,74,0,5,1,4,5,6,15,A,4,1,physiologic_baseline,LEFT HIP FX,83,97,90,16,16,16,104,109,106.5,97,99,98,99.8,2,2,6,YELLOW
10002428,F,WHITE,WALK IN,98.5,125,22,100,111,63,0,4,1,3,5,6,14,A,4,1,physiologic_baseline,"DIARRHEA,FEVER",111,133,120,22,30,25.57142857,90,135,114,92,100,96.42857143,101.8,8,4,10,YELLOW
10002428,F,WHITE,AMBULANCE,98,100,16,97,172,100,0,4,1,4,5,6,15,A,4,1,physiologic_baseline,"s/p Fall, L Shoulder pain",80,100,89.90909091,16,25,20.27272727,95,172,129,94,97,95.27272727,99.3,11,3,7,YELLOW
10002428,F,WHITE,AMBULANCE,97.2,98,14,98,158,89,0,0,1,4,5,6,15,A,4,1,physiologic_baseline,BRBPR,93,98,94.5,14,17,15.5,152,163,156.5,98,100,99,98.1,4,1,6,YELLOW
10002930,F,BLACK/AFRICAN AMERICAN,AMBULANCE,97.3,89,16,100,106,61,0,,0,4,4,5,13,V,3,0,documented_toxidrome,Hypoglycemia,74,92,84.8,14,19,16.1,97,141,113.9,98,100,99.7,98.9,10,3,2,YELLOW
10002930,F,BLACK/AFRICAN AMERICAN,UNKNOWN,95.6,89,16,100,106,65,0,10,1,4,4,6,14,A,4,1,documented_toxidrome,"ETOH, Hypoglycemia",78,94,87.14285714,12,17,14,97,119,109.6666667,100,100,100,98,7,3,0,YELLOW
10002930,F,BLACK/AFRICAN AMERICAN,AMBULANCE,98.1,76,18,100,181,94,0,10,1,4,5,6,15,A,4,1,physiologic_baseline,"Head injury, Neck pain, s/p Fall",71,86,76.21428571,16,18,16.61538462,123,190,156.7857143,95,100,98.41666667,98.7,14,3,0,YELLOW
10002930,F,BLACK/AFRICAN AMERICAN,AMBULANCE,97.5,108,16,100,154,92,0,9,1,4,5,6,15,A,4,1,physiologic_baseline,Psychiatric hold,80,110,100.2857143,16,18,17.42857143,104,133,119.1428571,94,100,98.14285714,98.8,8,1,6,YELLOW
10002930,F,BLACK/AFRICAN AMERICAN,WALK IN,98.5,110,18,100,123,67,0,0,1,4,5,6,15,A,4,1,physiologic_baseline,SI,100,119,109.1666667,16,18,17,114,124,119.8333333,98,100,99.16666667,99,6,3,0,YELLOW
10002930,F,BLACK/AFRICAN AMERICAN,AMBULANCE,98.9,102,20,100,180,85,0,5,1,4,5,6,15,A,4,1,physiologic_baseline,SI,79,102,90.2,16,20,17,113,180,138.2,99,100,99.6,99,11,4,0,YELLOW
10002930,F,BLACK/AFRICAN AMERICAN,AMBULANCE,97.7,103,18,97,137,87,0,0,1,4,3,4,11,V,3,0,documented_toxidrome,SI,80,103,90.83333333,15,18,16.5,110,159,134.8,96,98,97.33333333,99.3,6,3,0,YELLOW
10003400,F,BLACK/AFRICAN AMERICAN,AMBULANCE,98.8,124,16,98,136,82,0,8,1,4,5,6,15,A,4,1,physiologic_baseline,Rectal pain,104,115,109,13,20,17.55555556,107,130,121,99,100,99.55555556,98.7,9,3,18,YELLOW
10003400,F,BLACK/AFRICAN AMERICAN,AMBULANCE,98.3,157,18,100,115,81,0,,,4,5,6,15,A,4,1,physiologic_baseline,"Tachycardia, Hypoxia",106,138,121.6363636,15,22,18.63636364,89,121,103.5454545,99,100,99.72727273,99.5,11,2,11,YELLOW
10003400,F,BLACK/AFRICAN AMERICAN,OTHER,97.3,43,16,99,140,100,0,0,1,4,5,6,15,A,4,1,physiologic_baseline,ELEVATED INR,109,136,120,16,20,18,111,137,123.7,100,100,100,97.7,11,4,8,YELLOW
10005866,M,PORTUGUESE,AMBULANCE,97.4,66,18,99,111,68,0,8,1,4,5,6,15,A,4,1,physiologic_baseline,"Abd pain, N/V",63,66,64.5,18,18,18,98,132,115.75,96,99,97.75,98.3,4,1,6,YELLOW
10005866,M,PORTUGUESE,WALK IN,98,82,22,100,157,82,0,10,1,4,5,6,15,A,4,1,physiologic_baseline,"Abd pain, Diarrhea, Vomiting",62,82,71.4,16,22,18.4,120,174,149.8,96,100,98.75,98.2,5,1,12,YELLOW
10005866,M,PORTUGUESE,AMBULANCE,97.9,63,18,99,149,72,0,10,1,4,5,6,15,A,4,1,physiologic_baseline,Abd pain,63,74,65.4,18,18,18,98,149,112.4,96,100,98.4,98.7,6,1,14,YELLOW
10005866,M,PORTUGUESE,AMBULANCE,,,,,,,0,,,4,5,6,15,A,4,1,physiologic_baseline,"Abd pain, LEAKING ASCITES",82,93,88,10,14,12.25,93,130,111.75,98,100,98.75,99,4,1,3,YELLOW
10005866,M,PORTUGUESE,AMBULANCE,98.8,106,20,100,163,103,0,8,1,4,5,6,15,A,4,1,physiologic_baseline,"Chest pain, N/V",85,106,93.25,14,20,17.75,113,163,139.5,97,100,98.5,98.8,8,2,8,YELLOW
10010471,F,WHITE,AMBULANCE,97,126,22,99,136,68,0,0,1,4,5,6,15,A,4,1,physiologic_baseline,"Weakness, Atrial fibrillation, Transfer",108,126,117.5,16,22,18.5,91,136,108,97,99,98.5,97.9,4,1,4,YELLOW
10010867,F,WHITE - BRAZILIAN,AMBULANCE,99.3,84,18,97,128,68,0,7,1,4,5,6,15,A,4,1,physiologic_baseline,"Dyspnea, Transfer",84,102,94.66666667,16,18,17.33333333,123,143,131.3333333,96,97,96.33333333,99.3,4,1,17,YELLOW
10010867,F,WHITE - BRAZILIAN,AMBULANCE,,,,,,,0,,,4,4,5,13,V,3,0,documented_toxidrome,MVC/INTUBATED TRAUMA,83,89,86,16,17,16.5,118,132,125,100,100,100,97.2,2,4,0,YELLOW
10010867,F,WHITE - BRAZILIAN,AMBULANCE,99.5,104,16,100,146,94,0,0,1,4,5,6,15,A,4,1,physiologic_baseline,T-SPINE FX DISPLACEMENT,83,104,90.66666667,16,18,17.33333333,117,146,136,97,100,98.33333333,99.5,3,3,14,YELLOW
10012853,F,BLACK/AFRICAN AMERICAN,AMBULANCE,97.5,65,18,96,218,72,0,0,1,4,5,6,15,A,4,1,physiologic_baseline,Hypertension,57,57,57,16,16,16,179,179,179,98,98,98,98,1,1,10,YELLOW
10012853,F,BLACK/AFRICAN AMERICAN,WALK IN,97.6,72,16,97,173,60,0,0,1,4,5,6,15,A,4,1,physiologic_baseline,"DVT, Transfer",63,77,69.5,15,25,20.33333333,155,173,163.8,93,97,95.5,98.4,6,1,12,YELLOW
10012853,F,BLACK/AFRICAN AMERICAN,WALK IN,98.1,77,18,98,100,43,0,8,1,4,5,6,15,A,4,1,physiologic_baseline,"Dizziness, Weakness",65,73,68.2,16,20,18.4,105,139,118,98,98,98,98.5,5,5,10,YELLOW
10014354,M,WHITE,AMBULANCE,98.6,72,18,100,125,62,0,0,1,4,5,6,15,A,4,1,physiologic_baseline,"L Leg pain, Weakness",70,72,71.33333333,18,20,18.66666667,118,135,126,100,100,100,98.6,4,1,45,YELLOW
10014354,M,WHITE,AMBULANCE,98.5,95,16,100,158,71,0,8,1,4,5,6,15,A,4,1,physiologic_baseline,Toe pain,73,95,81.25,16,18,16.5,144,158,152,98,100,99.5,98.5,4,4,36,YELLOW
10014354,M,WHITE,AMBULANCE,,,,,,,0,,0,3,4,5,12,V,3,0,documented_metabolic_derangement,"Dizziness, Diplopia",69,73,70.5,16,20,17,118,139,130.25,97,100,98.14285714,,9,3,42,YELLOW
10014354,M,WHITE,AMBULANCE,99.4,80,18,98,158,72,0,10,1,4,5,6,15,A,4,1,physiologic_baseline,Epigastric pain,70,80,72.33333333,13,18,15.5,116,160,139.6666667,97,100,98.66666667,99.4,6,3,34,YELLOW
10014354,M,WHITE,AMBULANCE,98.3,83,20,98,159,105,0,9,1,4,5,6,15,A,4,1,physiologic_baseline,Chest pain,78,87,82,15,20,16.75,148,166,158,98,100,99.5,98.9,4,1,34,YELLOW
10014354,M,WHITE,AMBULANCE,98.2,76,16,97,136,65,0,8,1,4,5,6,15,A,4,1,physiologic_baseline,"R Leg pain, R Leg swelling",76,77,76.5,16,16,16,131,136,133.5,97,100,98.5,98.2,2,1,0,YELLOW
10014354,M,WHITE,AMBULANCE,98.2,72,16,98,140,71,0,0,1,2,3,4,9,P,2,0,documented_toxidrome,"Hyperglycemia, Overdose",61,72,68.125,14,18,16.25,126,155,140.5,98,100,99.25,98.6,8,4,39,YELLOW
10014354,M,WHITE,AMBULANCE,98.2,63,16,97,118,49,0,7,1,4,2,6,12,V,3,1,documented_stroke_syndrome,"Transfer, CVA",58,63,59.66666667,15,19,16.83333333,118,154,141.3333333,97,99,98,98.2,6,1,33,YELLOW
10014354,M,WHITE,UNKNOWN,98.8,78,19,100,151,75,0,9,1,4,5,6,15,A,4,1,physiologic_baseline,"Abd pain, Back pain",78,78,78,19,19,19,151,151,151,100,100,100,98.8,1,1,0,YELLOW
10014354,M,WHITE,AMBULANCE,100.2,106,20,99,142,73,0,5,1,4,5,6,15,A,4,1,physiologic_baseline,"Cough, Dyspnea",95,108,101.5,16,20,17.5,142,153,147,99,100,99.25,100.2,4,1,34,YELLOW
10014354,M,WHITE,AMBULANCE,97.7,98,16,96,105,70,0,10,1,4,5,6,15,A,4,1,physiologic_baseline,"Chest pain, Nausea",70,98,79.33333333,16,18,17.33333333,105,121,115.3333333,96,100,98.33333333,98.2,3,3,33,YELLOW
10014354,M,WHITE,AMBULANCE,98.4,85,18,97,137,86,0,7,1,3,5,6,14,A,4,1,physiologic_baseline,"Chest pain, NSTEMI, Transfer",60,85,65.2,14,21,15.9,116,142,127.6,97,100,97.9,98.4,10,1,32,YELLOW
10014354,M,WHITE,AMBULANCE,98.2,73,20,99,122,60,0,0,1,4,5,6,15,A,4,1,physiologic_baseline,Weakness,70,73,71,16,20,17.71428571,122,153,132.8571429,95,100,98.42857143,98.3,7,1,41,YELLOW
10014354,M,WHITE,AMBULANCE,97.4,100,22,98,122,80,0,0,1,4,5,6,15,A,4,1,physiologic_baseline,BRBPR,67,100,83.5,18,22,20,122,149,135.5,97,98,97.5,97.5,2,1,37,YELLOW
10014354,M,WHITE,AMBULANCE,99.5,75,18,98,180,74,0,9,1,4,5,6,15,A,4,1,physiologic_baseline,Epigastric pain,70,75,72,16,18,16.66666667,119,180,144.6666667,96,98,97,99.5,4,3,45,YELLOW
10014354,M,WHITE,AMBULANCE,100.2,73,15,98,149,53,0,10,1,4,5,6,15,A,4,1,physiologic_baseline,"Abd pain, Dysuria",69,75,71.25,15,18,16.5,112,156,129.875,96,98,96.875,100.2,8,1,30,YELLOW
10014354,M,WHITE,AMBULANCE,98.3,57,18,99,161,68,0,0,1,4,5,6,15,A,4,1,physiologic_baseline,"Fever, Neutropenia",57,62,60,16,20,17.8,148,165,157,98,100,99.2,98.7,5,1,33,YELLOW
10014354,M,WHITE,AMBULANCE,97.2,64,16,96,123,63,0,9,1,4,5,6,15,A,4,1,physiologic_baseline,"Chest pain, Transfer",50,73,59.72727273,13,22,17.1,121,158,134.1818182,96,100,98.4,98,11,4,33,YELLOW
10014354,M,WHITE,AMBULANCE,97.9,62,16,95,145,63,0,9,1,4,5,6,15,A,4,1,physiologic_baseline,Chest pain,50,65,53.95454545,8,21,14.86363636,82,145,117,95,100,98.59090909,98.7,22,1,32,YELLOW
10014354,M,WHITE,AMBULANCE,97.7,78,19,98,158,44,0,5,1,4,5,5,14,A,4,0,physiologic_baseline,"R Leg pain, R Leg swelling",70,78,72.8,14,19,16.6,129,158,146.6,95,100,97.6,97.7,5,7,59,YELLOW
10014354,M,WHITE,AMBULANCE,97.3,80,18,99,138,78,0,4,1,4,5,6,15,A,4,1,physiologic_baseline,"Fatigue, s/p Fall",80,82,81,18,18,18,138,142,140,99,100,99.5,98.5,2,2,33,YELLOW
10014354,M,WHITE,AMBULANCE,98.9,120,16,96,120,71,0,8,1,4,5,6,15,A,4,1,physiologic_baseline,"Chest pain, Transfer",72,131,105.6,14,24,19.2,100,126,110.9,96,99,98,102.4,10,3,22,YELLOW
10015272,F,WHITE,AMBULANCE,97.5,118,18,96,100,56,0,0,1,4,5,6,15,A,4,1,physiologic_baseline,PE,118,125,123,16,24,20,90,100,94,96,99,97.4,98.1,5,1,1,YELLOW
10015860,M,WHITE,AMBULANCE,100,103,18,97,138,84,0,0,1,4,5,6,15,A,4,1,physiologic_baseline,Abnormal labs,95,103,99.33333333,16,18,16.66666667,128,170,145.3333333,97,100,98.33333333,100,3,1,17,YELLOW
10015860,M,WHITE,AMBULANCE,100.1,128,20,99,151,73,0,0,1,4,4,5,13,V,3,0,documented_metabolic_derangement,Coffee ground emesis,111,130,118.6,12,22,18.5,121,172,154.9,97,100,98.5,100.1,10,5,17,YELLOW
10015860,M,WHITE,AMBULANCE,98,110,18,97,179,108,0,0,1,4,5,6,15,A,4,1,physiologic_baseline,"Abnormal labs, Hyperglycemia",70,110,98.66666667,14,20,17.33333333,113,179,141.3333333,97,100,98.33333333,98.3,6,3,7,YELLOW
10015860,M,WHITE,AMBULANCE,98.2,97,16,98,180,96,0,9,1,4,5,6,15,A,4,1,physiologic_baseline,R LEG CELLULITIS,105,105,105,16,16,16,148,148,148,100,100,100,98.1,1,2,8,YELLOW
10015860,M,WHITE,AMBULANCE,99.8,96,18,97,134,70,0,7,1,4,5,6,15,A,4,1,physiologic_baseline,"Diarrhea, Hypotension",92,97,95,18,20,18.66666667,133,143,136.6666667,94,98,96.33333333,99.8,3,5,23,YELLOW
10015860,M,WHITE,AMBULANCE,98.1,100,16,100,119,64,0,0,1,4,5,6,15,A,4,1,physiologic_baseline,"L Arm numbness, L Arm swelling",92,101,96.625,16,20,18,119,176,151.1428571,96,100,98.125,98.1,8,6,23,YELLOW
10015860,M,WHITE,AMBULANCE,99.6,120,18,96,158,83,0,8,1,4,5,6,15,A,4,1,physiologic_baseline,R FOOT ULCER/CELLULITIS,120,121,120.5,16,18,17,142,158,150,96,96,96,99.6,3,5,5,YELLOW
10015860,M,WHITE,AMBULANCE,100.3,140,20,95,139,70,0,0,1,4,5,6,15,A,4,1,physiologic_baseline,"N/V, Tachycardia",107,135,125,16,16,16,106,149,131,95,99,96.25,101.7,4,1,10,YELLOW
10015860,M,WHITE,AMBULANCE,98.2,98,18,96,106,64,0,7,1,4,5,6,15,A,4,1,physiologic_baseline,"L Leg pain, s/p Fall",89,108,101.8333333,13,26,18.16666667,104,159,127,96,100,97,98.2,6,3,19,YELLOW
10015860,M,WHITE,AMBULANCE,97.2,101,18,99,94,62,0,0,1,4,5,6,15,A,4,1,physiologic_baseline,Dizziness,86,98,93.66666667,13,18,16,118,123,120.6666667,95,99,97,97.9,3,2,11,YELLOW
10015931,M,WHITE,AMBULANCE,97.5,125,22,100,122,79,0,0,1,4,4,6,14,A,4,1,physiologic_baseline,"Dyspnea, Transfer",109,125,116,20,22,21.33333333,116,126,121.3333333,98,100,99,97.5,3,3,18,YELLOW
10015931,M,WHITE,AMBULANCE,97.8,82,28,98,124,83,0,0,1,4,5,6,15,A,4,1,physiologic_baseline,Dyspnea,82,112,99,20,28,22.14285714,115,140,123.8571429,94,100,97.66666667,98.9,9,1,16,YELLOW
10016742,F,BLACK/AFRICAN AMERICAN,AMBULANCE,,100,20,95,190,100,0,0,1,4,5,6,15,A,4,1,physiologic_baseline,"Transfer, Dyspnea",100,124,112,14,24,18.5,98,190,127.5,95,100,98.25,100.8,4,1,0,YELLOW
10016742,F,BLACK/AFRICAN AMERICAN,AMBULANCE,,,,,,,0,,,4,5,6,15,A,4,1,physiologic_baseline,PICC EVAL,,,,,,,,,,,,,,0,2,16,YELLOW
10016742,F,BLACK/AFRICAN AMERICAN,UNKNOWN,96,84,20,98,124,80,0,,0,3,5,6,14,A,4,1,physiologic_baseline,"Dyspnea, Transfer",84,102,93.75,15,20,16.25,90,124,109.25,98,100,99.5,97.2,4,1,14,YELLOW
10016810,F,UNKNOWN,UNKNOWN,98.8,72,18,90,98,48,0,10,1,4,5,6,15,A,4,1,physiologic_baseline,Abd pain,74,84,77.6,18,22,19.8,80,100,91,95,97,96,98.4,5,1,15,YELLOW
10016810,F,UNKNOWN,UNKNOWN,,,,,,,0,,,4,5,6,15,A,4,1,physiologic_baseline,UNKNOWN-CC,,,,,,,,,,,,,,0,1,0,YELLOW
10017492,M,PATIENT DECLINED TO ANSWER,AMBULANCE,,,,,,,0,,,2,4,6,12,V,3,1,documented_intracranial_injury,HEAD BLEED,62,75,69.5,16,18,16.75,131,144,137.5,100,100,100,98,4,2,0,YELLOW
10018328,F,WHITE,AMBULANCE,97.7,74,20,96,133,65,0,3,1,3,5,6,14,A,4,1,documented_syncope,"Syncope, Transfer",62,74,66.2,18,20,18.4,133,175,151,96,99,98.2,97.7,5,1,7,YELLOW
10018328,F,WHITE,AMBULANCE,96.2,74,18,100,142,75,0,0,1,4,5,6,15,A,4,1,physiologic_baseline,"N/V, Tinnitus",69,76,73,16,18,17.33333333,122,149,137.6666667,96,100,98.33333333,98.2,3,1,6,YELLOW
10018423,M,WHITE,WALK IN,98.2,84,16,98,142,97,0,6,1,4,5,6,15,A,4,1,physiologic_baseline,Chest pain,68,84,73.33333333,14,19,17.14285714,117,142,127.6666667,97,100,98.85714286,98.2,9,1,0,YELLOW
10018423,M,WHITE,WALK IN,97.9,84,16,97,135,84,0,3,1,4,5,6,15,A,4,1,physiologic_baseline,"Chest pain, Dizziness",65,93,79.5,16,27,20,132,144,137.5,97,99,97.75,97.9,4,1,0,YELLOW
10018501,M,WHITE,AMBULANCE,98.3,72,20,96,160,67,0,0,1,4,5,5,14,A,4,0,documented_intracranial_injury,"Transfer, MVC",,,,,,,,,,,,,,0,5,0,YELLOW
10019003,F,WHITE,WALK IN,99.1,96,17,96,114,66,0,0,1,4,5,6,15,A,4,1,physiologic_baseline,"Weakness, GI bleed",91,96,94,17,26,22.66666667,112,141,119.5,94,98,96,99.1,6,1,16,YELLOW
10019003,F,WHITE,AMBULANCE,98.4,96,15,97,98,56,0,0,1,4,5,6,15,A,4,1,physiologic_baseline,"Weakness, Hypotension",84,102,95.33333333,15,28,21,92,112,101.8333333,95,100,97.66666667,98.7,6,4,15,YELLOW
10019003,F,WHITE,WALK IN,98.1,97,16,93,117,60,0,5,1,4,5,6,15,A,4,1,physiologic_baseline,"Abnormal CT, LUQ abd pain",88,97,92.2,16,24,21.2,97,125,112.4,93,95,94.6,99.2,5,1,18,YELLOW
10019003,F,WHITE,AMBULANCE,98.6,98,16,97,105,43,0,0,1,4,5,6,15,A,4,1,physiologic_baseline,"Anemia, Neutropenia, Transfer",83,98,87,16,24,19.5,103,117,109.5,97,98,97.5,99.1,4,2,23,YELLOW
10019385,M,WHITE,WALK IN,97.9,55,14,97,120,59,0,0,1,4,5,6,15,A,4,1,physiologic_baseline,"Chest pain, Jaw pain, L Arm pain",55,70,61,14,15,14.33333333,120,130,123.3333333,97,100,99,98.4,3,1,0,YELLOW
10020187,F,HISPANIC/LATINO - SALVADORAN,AMBULANCE,98.3,84,18,95,168,82,0,7,1,4,5,4,13,V,3,0,documented_intracranial_injury,"Headache, SAH, Transfer",69,96,80.5,14,26,17.4,96,197,142.5,95,100,97.3,98.3,10,2,0,YELLOW
10020187,F,HISPANIC/LATINO - SALVADORAN,WALK IN,98.4,95,18,97,190,117,0,0,1,4,5,6,15,A,4,1,physiologic_baseline,Facial numbness,66,95,79.16666667,15,19,17.66666667,109,190,137.8333333,95,97,96,98.4,6,2,1,YELLOW
10020306,F,BLACK/AFRICAN AMERICAN,WALK IN,98.9,95,18,97,138,70,0,0,1,4,5,6,15,A,4,1,physiologic_baseline,"Cough, Dyspnea",81,98,91,15,20,17.125,112,156,128.875,94,98,96.125,98.9,8,3,17,YELLOW
10020306,F,BLACK/AFRICAN AMERICAN,WALK IN,96.8,83,18,100,121,68,0,0,1,4,5,5,14,A,4,0,documented_metabolic_derangement,"Dehydration, Fatigue",83,110,95,18,18,18,121,129,125.3333333,96,100,98,98,3,3,19,YELLOW
10020740,M,WHITE,AMBULANCE,98.4,99,16,100,111,,0,0,1,4,5,6,15,A,4,1,physiologic_baseline,Psychiatric hold,68,70,69,16,16,16,126,127,126.5,99,100,99.5,98.7,2,2,12,YELLOW
10020740,M,WHITE,WALK IN,98.1,95,18,99,149,74,0,0,1,4,5,6,15,A,4,1,physiologic_baseline,Psych eval,82,98,92,16,16,16,109,124,116.25,99,100,99.25,98.6,4,2,7,YELLOW
10020740,M,WHITE,AMBULANCE,97.9,95,20,100,117,73,0,8,1,4,5,6,15,A,4,1,physiologic_baseline,Abd pain,92,93,92.33333333,16,18,16.66666667,114,134,125.3333333,97,100,99,98.4,3,1,10,YELLOW
10021487,M,WHITE,AMBULANCE,,,,,,,0,,,4,5,6,15,A,4,1,physiologic_baseline,CAR VS POLE,,,,,,,,,,,,,,0,9,0,YELLOW
10021666,M,WHITE,AMBULANCE,,,,,,,0,,,4,5,5,14,A,4,0,documented_intracranial_injury,SDH/SAH,68,72,69.5,12,20,17.75,129,163,140.5,96,97,96.75,,4,3,16,YELLOW
10021938,M,WHITE,AMBULANCE,99.8,110,18,93,178,85,0,10,1,4,5,6,15,A,4,1,physiologic_baseline,Tachycardia,77,83,80,20,20,20,168,176,172,100,100,100,98.9,2,1,11,YELLOW
10021938,M,WHITE,AMBULANCE,98.4,89,18,97,217,116,0,5,1,4,5,6,15,A,4,1,physiologic_baseline,Abd pain,66,67,66.5,17,19,18,174,178,176,100,100,100,98,2,1,0,YELLOW
10023239,F,WHITE,WALK IN,97.9,130,16,95,118,70,0,0,1,3,4,5,12,V,3,0,documented_metabolic_derangement,"N/V, Hyperglycemia",111,119,115.3333333,23,29,25.33333333,127,137,131.3333333,100,100,100,99.3,3,2,8,YELLOW
10023239,F,WHITE,AMBULANCE,97.8,75,16,99,112,61,0,7,1,3,5,6,14,A,4,1,documented_syncope,"Presyncope, Weakness",75,85,79.5,16,16,16,109,124,113.5,99,100,99.66666667,97.8,4,6,8,YELLOW
10023239,F,WHITE,AMBULANCE,97.8,115,20,99,92,42,0,0,1,3,3,6,12,A,4,1,documented_metabolic_derangement,"DKA, Transfer",112,115,113.5,20,20,20,92,101,96.5,98,99,98.5,98.1,2,2,6,YELLOW
10026255,M,WHITE,WALK IN,99.4,90,20,86,153,73,0,8,1,4,5,6,15,A,4,1,physiologic_baseline,R RIB PAIN,63,74,68,21,24,22.33333333,149,158,154,96,98,96.66666667,97.5,3,3,8,YELLOW
10026255,M,WHITE,AMBULANCE,99.9,95,28,98,150,101,0,8,1,4,5,6,15,A,4,1,physiologic_baseline,"R Leg pain, Weakness",92,150,117.75,18,28,23.875,124,146,136.125,92,98,95,99,8,1,4,YELLOW
10026354,M,WHITE,AMBULANCE,,,,,,,0,,,4,5,6,15,A,4,1,physiologic_baseline,SW,,,,,,,,,,,,,,0,3,0,YELLOW
10026406,M,WHITE,WALK IN,98.7,118,22,99,131,89,0,10,1,4,5,6,15,A,4,1,physiologic_baseline,Lower back pain,100,118,109,18,22,20,124,131,127.5,98,99,98.5,98.7,2,1,2,YELLOW
10027602,F,WHITE,AMBULANCE,,,,,,,0,,,4,2,5,11,V,3,0,documented_intracranial_injury,HEAD BLEED,,,,,,,,,,,,,,0,1,0,YELLOW
10029484,M,WHITE,AMBULANCE,98.2,105,18,100,138,63,0,2,1,3,5,6,14,A,4,1,documented_syncope,Syncope,92,114,103.6,15,26,19.6,96,134,113,98,100,99,99,5,2,6,YELLOW
10035631,M,WHITE,WALK IN,98.7,100,18,91,109,65,0,7,1,4,5,6,15,A,4,1,physiologic_baseline,"Abnormal labs, Weakness",89,100,94.5,18,18,18,109,141,125,91,96,93.5,98.7,2,1,3,YELLOW
10035631,M,UNKNOWN,UNKNOWN,97.8,59,16,100,145,69,0,4,1,4,5,6,15,A,4,1,physiologic_baseline,"Dyspnea, ABNORMAL LAB VALUES",,,,,,,,,,,,,,0,1,0,YELLOW
10035631,M,WHITE,WALK IN,98.2,99,23,78,98,60,0,0,1,3,5,6,14,A,4,1,physiologic_baseline,"Dyspnea, Hypoxia",95,101,98.4,17,25,22.4,98,130,114.25,78,95,90.6,98.8,5,1,11,YELLOW
10038999,M,WHITE,AMBULANCE,97.6,116,14,99,140,78,0,,0,4,5,6,15,A,4,1,physiologic_baseline,"s/p Fall, Transfer",116,116,116,14,20,18,131,140,134,98,99,98.66666667,98.6,3,2,9,YELLOW
10038999,M,WHITE,UNKNOWN,,,,,,,0,,0,4,5,6,15,A,4,1,physiologic_baseline,Transfer,122,141,131,13,26,19.75,101,159,135.6666667,86,100,96.5,97.4,7,1,0,YELLOW
10039997,F,BLACK/AFRICAN AMERICAN,WALK IN,97.2,71,18,100,165,79,0,0,1,4,3,6,13,V,3,1,documented_stroke_syndrome,"L Weakness, Unable to ambulate",58,71,61.75,14,18,16.25,126,165,150.75,99,100,99.75,97.2,4,2,10,YELLOW
10039997,F,BLACK/AFRICAN AMERICAN,AMBULANCE,97.8,52,17,99,134,57,0,0,1,4,5,6,15,A,4,1,physiologic_baseline,"Leg weakness, Abnormal CT",56,59,58,14,18,16.25,138,161,150,98,100,99.25,97.4,4,1,9,YELLOW
90000000,M,MULTIPLE RACE/ETHNICITY,AMBULANCE,98.4,88,24,90,81,35,0,5,1,3,5,5,13,V,3,0,documented_no_loc,DIZZINESS,86,111,98.6,19,26,22.8,96,105,99,90,93,91.6,99.4,5,3,4,YELLOW
90000002,M,OTHER,AMBULANCE,97.4,86,21,93,119,81,0,3,1,4,5,6,15,A,4,1,documented_no_loc,CHEST PAIN,79,103,88.66666667,16,19,17.66666667,103,121,112.6666667,92,95,94,98,3,2,6,YELLOW
90000005,M,BLACK/AFRICAN AMERICAN,AMBULANCE,98,105,24,91,113,71,0,5,1,4,4,6,14,A,4,1,documented_no_loc,CHEST PAIN,94,98,96,23,24,23.5,96,109,102.5,92,94,93,98.1,2,2,2,YELLOW
90000006,M,WHITE,AMBULANCE,98.2,98,24,91,113,84,0,3,1,4,5,6,15,A,4,1,physiologic_baseline,FALL,106,109,107.5,22,25,23.5,99,114,106.5,93,94,93.5,98.1,2,1,0,YELLOW
90000008,F,PATIENT DECLINED TO ANSWER,WALK IN,97.9,105,27,90,90,51,0,6,1,3,5,6,14,A,4,1,physiologic_baseline,DIZZINESS,101,106,103.5,22,25,23.5,95,108,101.5,85,90,87.5,98.4,2,2,1,YELLOW
90000011,M,OTHER,AMBULANCE,98.2,97,21,95,97,65,0,1,1,4,5,6,15,A,4,1,physiologic_baseline,FRACTURE,88,107,98.5,18,22,19.75,105,118,111.75,92,94,93.25,98.8,4,2,4,YELLOW
90000015,F,BLACK/AFRICAN AMERICAN,WALK IN,98.5,94,23,89,91,59,0,3,1,4,5,6,15,A,4,1,physiologic_baseline,CHEST PAIN,111,125,117.8,21,28,24.4,87,97,91.8,87,90,88.6,99.2,5,3,2,YELLOW
90000018,M,WHITE,AMBULANCE,97.7,98,22,92,105,71,0,5,1,4,5,6,15,A,4,1,physiologic_baseline,FALL,97,120,108,18,28,23.4,89,108,100.4,88,93,90.6,98.7,5,1,2,YELLOW
90000023,F,WHITE,AMBULANCE,97.7,110,28,88,85,46,0,5,1,3,4,6,13,V,3,1,documented_no_loc,FALL,101,117,109,24,29,26.5,98,105,101.5,86,90,88,97.8,2,2,2,YELLOW
90000025,F,UNKNOWN,UNKNOWN,96.8,107,22,91,109,70,0,6,1,4,5,6,15,A,4,1,documented_no_loc,DIZZINESS,101,113,107.2,21,26,22.6,89,110,95.4,88,94,91.4,98.9,5,2,3,YELLOW
90000028,M,WHITE,AMBULANCE,98.6,87,26,92,108,77,0,4,1,4,5,6,15,A,4,1,physiologic_baseline,ABD PAIN,89,102,97,23,26,23.75,90,117,104.75,89,92,90.75,99.6,4,2,0,YELLOW
90000029,F,UNABLE TO OBTAIN,AMBULANCE,99.1,95,24,92,109,68,0,5,1,4,5,6,15,A,4,1,physiologic_baseline,FRACTURE,99,101,100,22,26,24,82,109,95.5,88,92,90,98.1,2,1,0,YELLOW
90000033,F,HISPANIC/LATINO - SALVADORAN,AMBULANCE,98,106,23,89,108,65,0,2,1,4,5,6,15,A,4,1,documented_no_loc,DIZZINESS,95,104,101.5,19,28,23,99,111,104.5,90,94,91.5,98.5,4,3,4,YELLOW
90000036,M,UNABLE TO OBTAIN,AMBULANCE,,,,,,,0,,,4,5,6,15,A,4,1,physiologic_baseline,FALL,84,103,92.75,19,21,20.25,102,109,105.25,91,94,93,98.6,4,1,3,YELLOW
90000038,M,OTHER,AMBULANCE,98.2,97,23,96,110,73,0,4,1,4,5,6,15,A,4,1,physiologic_baseline,DIZZINESS,94,104,97.75,16,21,19.5,97,123,104.25,94,98,95.5,98.7,4,1,7,YELLOW
90000041,M,WHITE,AMBULANCE,98.2,70,23,92,105,61,0,4,1,4,5,6,15,A,4,1,documented_no_loc,CHEST PAIN,85,121,100,21,26,23.66666667,94,116,104,90,95,92.66666667,98.4,3,2,4,YELLOW
90000044,M,BLACK/AFRICAN AMERICAN,AMBULANCE,98.5,82,16,96,106,72,0,4,1,4,5,6,15,A,4,1,documented_no_loc,DIZZINESS,73,108,93.25,16,22,18.25,103,119,112.5,93,99,95.75,98.5,4,2,2,YELLOW
90000045,F,BLACK/AFRICAN AMERICAN,AMBULANCE,98,108,25,93,106,72,0,4,1,4,5,6,15,A,4,1,physiologic_baseline,ABD PAIN,77,110,92.75,20,25,22,106,119,109.75,92,97,93.25,98.3,4,1,0,YELLOW
90000047,M,WHITE - OTHER EUROPEAN,AMBULANCE,97.7,94,19,92,103,56,0,3,1,4,5,6,15,A,4,1,physiologic_baseline,FRACTURE,86,88,87,19,24,22,106,120,113.6666667,91,95,93,98.5,3,2,2,YELLOW
90000051,M,MULTIPLE RACE/ETHNICITY,WALK IN,98.7,87,25,91,102,57,0,3,1,4,5,6,15,A,4,1,physiologic_baseline,DIZZINESS,94,103,98.5,17,21,19,106,117,111.5,91,94,92.5,99.3,2,3,1,YELLOW
90000052,M,WHITE,WALK IN,,,,,,,0,,,4,5,6,15,A,4,1,physiologic_baseline,CHEST PAIN,97,119,109,27,28,27.5,85,89,87.25,84,88,86.25,98.6,4,2,2,YELLOW
90000053,M,WHITE,AMBULANCE,97.5,103,22,89,103,68,0,4,1,4,5,6,15,A,4,1,documented_no_loc,FALL,82,108,98,17,24,21.4,92,115,103.4,89,96,92.6,99,5,3,2,YELLOW
90000055,M,PATIENT DECLINED TO ANSWER,AMBULANCE,99.1,97,20,95,118,85,0,4,1,4,5,6,15,A,4,1,physiologic_baseline,FALL,79,104,90.2,18,23,20.2,105,120,110,90,94,92.4,98.7,5,3,2,YELLOW
90000056,F,BLACK/AFRICAN AMERICAN,AMBULANCE,98.4,112,26,90,101,64,0,1,1,4,5,6,15,A,4,1,documented_no_loc,ABD PAIN,99,118,106.75,21,26,24.25,90,119,99.75,86,90,88,98.6,4,3,9,YELLOW
90000060,M,WHITE - OTHER EUROPEAN,WALK IN,97.8,108,23,92,82,48,0,4,1,2,4,6,12,V,3,1,documented_no_loc,ABD PAIN,80,99,90.25,18,23,21.5,93,123,103.25,90,92,90.75,98.5,4,3,2,YELLOW
90000062,M,HISPANIC/LATINO - CUBAN,OTHER,97.4,112,24,88,105,63,0,5,1,4,5,6,15,A,4,1,physiologic_baseline,FRACTURE,96,113,104,21,24,22.5,88,105,94.5,88,93,90.5,99.4,4,2,4,YELLOW
90000063,F,HISPANIC/LATINO - CUBAN,OTHER,97.9,104,21,92,98,68,0,2,1,4,5,6,15,A,4,1,physiologic_baseline,FALL,91,120,103.5,20,25,22,100,104,101.5,90,92,90.75,98.6,4,1,3,YELLOW
90000064,F,UNKNOWN,AMBULANCE,97.5,102,25,89,101,71,0,4,1,4,5,6,15,A,4,1,physiologic_baseline,FRACTURE,107,125,114.3333333,25,26,25.33333333,98,100,99.33333333,89,92,90.66666667,98.5,3,1,4,YELLOW
90000065,M,HISPANIC/LATINO - SALVADORAN,AMBULANCE,98.2,107,20,92,114,74,0,5,1,4,4,6,14,A,4,1,documented_no_loc,FRACTURE,82,109,95.25,21,26,22.5,90,135,109.75,91,94,93,99,4,2,3,YELLOW
90000068,M,WHITE - OTHER EUROPEAN,AMBULANCE,98.5,100,21,91,102,67,0,4,1,4,5,6,15,A,4,1,physiologic_baseline,FALL,74,100,87.66666667,21,28,24,102,124,110.3333333,91,96,93.33333333,98.7,3,1,3,YELLOW
90000070,M,HISPANIC/LATINO - CUBAN,WALK IN,98.8,100,23,93,103,55,0,3,1,4,5,6,15,A,4,1,documented_no_loc,FALL,89,106,95,24,25,24.33333333,97,110,105,90,92,90.66666667,98,3,3,0,YELLOW
90000078,M,MULTIPLE RACE/ETHNICITY,WALK IN,99.3,105,22,93,97,55,0,6,1,4,5,6,15,A,4,1,physiologic_baseline,ABD PAIN,95,98,97,19,19,19,106,119,112.6666667,89,94,91.66666667,98.2,3,2,3,YELLOW
90000079,M,UNABLE TO OBTAIN,WALK IN,97.8,97,22,95,105,70,0,4,1,4,4,6,14,A,4,1,documented_no_loc,FRACTURE,85,106,95.75,17,23,20.5,95,115,106.5,92,93,92.5,99.6,4,1,3,YELLOW
90000080,M,UNABLE TO OBTAIN,AMBULANCE,98,97,21,90,102,70,0,4,1,4,5,6,15,A,4,1,physiologic_baseline,ABD PAIN,88,108,101.8,21,27,24.6,86,108,95.2,91,92,91.4,99.5,5,2,4,YELLOW
90000081,F,MULTIPLE RACE/ETHNICITY,AMBULANCE,97.5,96,22,90,104,75,0,3,1,4,4,6,14,A,4,1,documented_no_loc,CHEST PAIN,110,113,111.5,23,23,23,85,100,92.5,89,93,91,98.4,2,3,4,YELLOW
90000086,F,UNKNOWN,AMBULANCE,97.7,112,26,89,100,55,0,3,1,4,5,6,15,A,4,1,documented_no_loc,FRACTURE,99,114,105.6666667,22,25,23,93,107,98.66666667,90,92,90.66666667,98.2,3,3,1,YELLOW
90000088,F,BLACK/AFRICAN AMERICAN,AMBULANCE,98.4,114,23,88,85,40,0,4,1,4,5,6,15,A,4,1,physiologic_baseline,ABD PAIN,93,128,113.8,26,29,27.8,81,107,96.6,85,88,87.2,99.2,5,1,2,YELLOW
90000090,M,UNABLE TO OBTAIN,WALK IN,98.2,117,21,87,94,59,0,5,1,4,5,6,15,A,4,1,physiologic_baseline,FALL,95,118,106.5,25,25,25,103,113,108,89,89,89,98.3,2,3,1,YELLOW
90000091,F,PATIENT DECLINED TO ANSWER,WALK IN,98,92,22,91,118,76,0,5,1,4,5,6,15,A,4,1,physiologic_baseline,DIZZINESS,82,105,94.25,16,22,20,102,117,108.75,93,95,94,98.2,4,3,3,YELLOW
90000092,M,UNKNOWN,OTHER,97.6,102,24,90,88,58,0,4,1,4,5,6,15,A,4,1,physiologic_baseline,ABD PAIN,89,127,103.25,21,24,23.25,94,112,102,89,92,91,98.9,4,3,2,YELLOW
90000094,M,WHITE - OTHER EUROPEAN,OTHER,98.4,103,27,89,94,51,0,8,1,4,5,6,15,A,4,1,physiologic_baseline,DIZZINESS,94,113,104.25,22,24,23.25,79,107,94,88,91,89.5,99.1,4,3,3,YELLOW
90000104,M,BLACK/AFRICAN AMERICAN,WALK IN,99.1,119,26,90,90,59,0,4,1,3,5,6,14,A,4,1,physiologic_baseline,FRACTURE,86,107,95,21,25,22.8,87,116,102,90,93,91.4,99.3,5,2,1,YELLOW
90000109,M,MULTIPLE RACE/ETHNICITY,AMBULANCE,98.2,113,21,92,110,72,0,2,1,4,5,6,15,A,4,1,physiologic_baseline,CHEST PAIN,92,109,101.2,18,24,21.4,97,114,104.4,91,95,93.2,98.7,5,3,2,YELLOW
90000115,M,PATIENT DECLINED TO ANSWER,AMBULANCE,,,,,,,0,,,4,5,5,14,A,4,0,documented_no_loc,FALL,92,101,96.5,22,23,22.5,86,86,86,88,89,88.5,99.1,2,3,3,YELLOW
90000116,M,UNKNOWN,AMBULANCE,97.2,91,21,95,103,66,0,3,1,4,5,6,15,A,4,1,physiologic_baseline,FALL,91,108,97.33333333,20,22,21,100,113,108.3333333,92,96,93.66666667,99,3,2,3,YELLOW
90000118,M,OTHER,AMBULANCE,97.6,106,22,91,100,59,0,3,1,4,5,6,15,A,4,1,physiologic_baseline,FALL,112,117,114.5,22,24,23,100,104,102,90,91,90.5,99.7,2,3,5,YELLOW
90000119,F,HISPANIC/LATINO - CUBAN,OTHER,98.3,101,20,92,113,84,0,5,1,4,5,6,15,A,4,1,physiologic_baseline,FALL,79,100,89.4,21,24,22.4,100,109,104.8,89,94,92,99.1,5,2,3,YELLOW
90000120,M,UNABLE TO OBTAIN,AMBULANCE,97.9,106,25,90,99,61,0,4,1,4,5,6,15,A,4,1,documented_no_loc,CHEST PAIN,100,106,103,26,26,26,100,101,100.5,88,89,88.5,97.9,2,3,1,YELLOW
90000122,F,HISPANIC/LATINO - SALVADORAN,AMBULANCE,99.2,91,25,92,115,68,0,5,1,4,5,6,15,A,4,1,documented_no_loc,CHEST PAIN,92,99,95.66666667,20,27,23,97,118,106,90,94,92,99.1,3,3,0,YELLOW
90000124,F,UNKNOWN,AMBULANCE,97.3,102,26,91,82,51,0,4,1,4,4,6,14,A,4,1,documented_no_loc,ABD PAIN,93,116,105.25,23,24,23.25,89,105,95,88,95,91,98.5,4,3,9,YELLOW
90000128,F,PATIENT DECLINED TO ANSWER,WALK IN,97.6,108,24,93,103,59,0,4,1,4,5,6,15,A,4,1,physiologic_baseline,FALL,101,106,103.5,24,24,24,88,99,93.5,91,91,91,98.6,2,2,3,YELLOW
90000131,F,UNABLE TO OBTAIN,AMBULANCE,98.6,108,22,87,83,52,0,5,1,2,5,6,13,V,3,1,physiologic_baseline,FALL,86,127,103.6,21,25,23.4,92,116,103,88,93,90.4,98.8,5,2,8,YELLOW
90000133,M,UNKNOWN,AMBULANCE,97.9,97,23,90,117,69,0,1,1,4,5,6,15,A,4,1,physiologic_baseline,ABD PAIN,79,104,95.25,18,24,20.5,92,103,98,88,93,91.5,99.8,4,1,3,YELLOW
90000136,F,WHITE - OTHER EUROPEAN,WALK IN,98.5,104,23,93,94,50,0,3,1,4,5,6,15,A,4,1,documented_no_loc,FALL,85,128,107.4,22,27,24,93,105,97.4,87,94,90.4,100.8,5,2,5,YELLOW
90000137,F,UNKNOWN,WALK IN,,,,,,,0,,,4,5,6,15,A,4,1,physiologic_baseline,FALL,96,98,97,18,22,20,100,127,113.5,91,94,92.5,98.2,2,1,5,YELLOW
90000139,F,OTHER,AMBULANCE,98.8,100,23,91,101,65,0,4,1,4,5,6,15,A,4,1,documented_no_loc,CHEST PAIN,96,115,100.8,21,26,23.6,91,108,100.6,90,93,91.4,98.9,5,3,2,YELLOW
90000140,M,OTHER,AMBULANCE,98.4,87,21,94,109,62,0,2,1,4,4,6,14,A,4,1,documented_no_loc,DIZZINESS,85,91,88,21,22,21.5,97,115,106,96,97,96.5,99.6,2,3,4,YELLOW
90000142,F,WHITE,AMBULANCE,97.8,109,28,88,95,57,0,6,1,4,5,6,15,A,4,1,physiologic_baseline,FRACTURE,102,130,113.2,26,29,26.8,80,103,91,88,91,89.2,99.1,5,1,1,YELLOW
90000143,F,BLACK/AFRICAN AMERICAN,WALK IN,98.3,92,18,94,107,64,0,1,1,4,4,6,14,A,4,1,physiologic_baseline,FALL,94,101,98.4,19,26,21.2,102,119,109.8,93,96,94.2,99.2,5,1,2,YELLOW
90000146,M,UNKNOWN,AMBULANCE,99,88,23,91,101,55,0,5,1,4,5,6,15,A,4,1,documented_no_loc,FRACTURE,85,103,94,18,24,21.2,95,121,109.2,93,94,93.6,98.8,5,2,2,YELLOW
90000147,M,PATIENT DECLINED TO ANSWER,AMBULANCE,99.2,102,24,90,97,56,0,4,1,4,5,6,15,A,4,1,physiologic_baseline,DIZZINESS,114,117,115.5,26,26,26,90,109,99.5,89,90,89.5,99.1,2,1,6,YELLOW
90000154,F,BLACK/AFRICAN AMERICAN,AMBULANCE,99.1,99,26,89,96,62,0,5,1,3,5,6,14,A,4,1,documented_no_loc,FALL,87,106,96.5,26,27,26.5,90,90,90,87,90,88.5,99,2,2,6,YELLOW
90000156,M,OTHER,WALK IN,99,62,23,92,103,72,0,5,1,4,5,6,15,A,4,1,documented_no_loc,CHEST PAIN,79,126,100.75,21,23,22,90,117,105.25,93,95,94,98.9,4,3,5,YELLOW
90000163,F,HISPANIC/LATINO - CUBAN,WALK IN,98.1,95,16,92,110,78,0,2,1,4,5,6,15,A,4,1,documented_no_loc,FALL,73,93,85.5,16,22,18.5,101,117,111.5,95,96,95.5,99.2,4,3,1,YELLOW
90000166,F,WHITE - OTHER EUROPEAN,AMBULANCE,98.8,91,25,93,112,68,0,6,1,4,5,6,15,A,4,1,documented_no_loc,CHEST PAIN,96,103,99.5,24,26,25,98,114,106,90,91,90.5,97.9,2,3,2,YELLOW
90000178,M,UNABLE TO OBTAIN,WALK IN,97.2,113,24,90,103,74,0,3,1,4,5,6,15,A,4,1,physiologic_baseline,ABD PAIN,98,108,103.3333333,22,23,22.66666667,96,106,99.33333333,89,91,90,99.8,3,2,0,YELLOW
90000181,M,UNKNOWN,WALK IN,98.4,112,24,93,108,68,0,2,1,4,5,6,15,A,4,1,documented_no_loc,FRACTURE,80,108,98.33333333,22,23,22.33333333,103,107,104.3333333,92,95,93.33333333,99.5,3,2,4,YELLOW
90000183,M,BLACK/AFRICAN AMERICAN,AMBULANCE,98.5,118,25,92,99,65,0,5,1,4,5,6,15,A,4,1,documented_no_loc,DIZZINESS,94,106,99,21,29,24.25,88,96,92.75,90,91,90.25,98.9,4,2,4,YELLOW
90000209,M,UNKNOWN,UNKNOWN,97,89,21,95,97,64,0,4,1,4,5,6,15,A,4,1,physiologic_baseline,DIZZINESS,75,96,86.75,19,21,20,98,120,105.75,92,95,93.75,98.7,4,2,0,YELLOW
90000210,F,HISPANIC/LATINO - SALVADORAN,WALK IN,98.1,94,24,90,112,77,0,6,1,4,5,5,14,A,4,0,physiologic_baseline,CHEST PAIN,97,120,107,23,26,24.33333333,97,113,103,90,93,91.33333333,99.1,3,1,2,YELLOW
90000212,F,WHITE,AMBULANCE,97.2,96,24,91,90,51,0,4,1,4,5,6,15,A,4,1,documented_no_loc,CHEST PAIN,91,105,98,23,24,23.5,106,110,108,89,92,90.5,99,2,3,4,YELLOW
90000213,M,HISPANIC/LATINO - SALVADORAN,WALK IN,98.8,75,18,95,107,76,0,1,1,4,5,6,15,A,4,1,documented_no_loc,FALL,66,102,84.5,17,21,19.25,103,117,110.25,91,95,93.25,98.8,4,3,2,YELLOW
90000214,F,WHITE,AMBULANCE,97.9,122,22,92,110,75,0,5,1,4,5,6,15,A,4,1,documented_no_loc,ABD PAIN,90,102,96,19,26,22.5,109,109,109,92,93,92.5,98.4,2,2,2,YELLOW
90000218,M,UNABLE TO OBTAIN,AMBULANCE,98.7,115,23,90,87,51,0,3,1,4,5,6,15,A,4,1,documented_no_loc,FRACTURE,90,110,99.6,22,29,26.2,90,112,97.8,89,92,90.4,99.9,5,2,5,YELLOW
90000221,M,WHITE,AMBULANCE,98,85,19,94,118,78,0,6,1,4,5,6,15,A,4,1,physiologic_baseline,DIZZINESS,69,106,88.4,16,22,19.4,95,112,103.4,91,95,93.2,99.3,5,3,1,YELLOW
90000232,M,MULTIPLE RACE/ETHNICITY,WALK IN,97.7,102,23,93,94,47,0,4,1,4,5,6,15,A,4,1,physiologic_baseline,CHEST PAIN,76,97,90,20,26,24,84,124,103.25,92,94,93,99,4,2,3,YELLOW
90000235,M,PATIENT DECLINED TO ANSWER,AMBULANCE,98.6,116,22,92,119,71,0,5,1,4,5,6,15,A,4,1,physiologic_baseline,CHEST PAIN,91,107,96.6,17,21,19.2,102,115,106.6,91,94,92.2,98.9,5,3,3,YELLOW
90000236,F,WHITE - OTHER EUROPEAN,OTHER,99.3,115,23,93,102,74,0,0,1,4,5,6,15,A,4,1,documented_no_loc,FALL,114,122,118,23,24,23.5,99,100,99.5,90,92,91,97.9,2,2,6,YELLOW
90000242,M,OTHER,AMBULANCE,97.7,84,20,94,87,57,0,5,1,4,5,6,15,A,4,1,physiologic_baseline,DIZZINESS,82,103,94.5,22,25,23.25,102,114,107.5,89,93,91.5,98.8,4,3,1,YELLOW
90000243,M,PATIENT DECLINED TO ANSWER,WALK IN,97.8,100,18,91,101,68,0,3,1,4,5,6,15,A,4,1,physiologic_baseline,FALL,102,108,105,22,24,23,94,96,95,90,90,90,98.8,2,1,4,YELLOW
90000245,M,MULTIPLE RACE/ETHNICITY,WALK IN,98.8,91,24,90,78,30,0,5,1,4,5,6,15,A,4,1,documented_no_loc,DIZZINESS,96,105,99.5,21,26,23.5,86,109,101.5,88,92,90.5,98.4,4,2,6,YELLOW
90000246,F,HISPANIC/LATINO - CUBAN,AMBULANCE,98.2,103,23,92,101,69,0,5,1,4,4,6,14,A,4,1,documented_no_loc,ABD PAIN,91,127,106,21,25,22.75,82,103,97.5,89,94,91,97.4,4,1,5,YELLOW
90000248,M,MULTIPLE RACE/ETHNICITY,AMBULANCE,98.5,95,18,91,101,63,0,2,1,4,5,6,15,A,4,1,physiologic_baseline,DIZZINESS,79,120,95.33333333,18,24,21.66666667,98,121,107,90,95,92.66666667,99.3,3,1,1,YELLOW
90000249,F,UNKNOWN,WALK IN,99,93,21,93,97,51,0,2,1,4,5,6,15,A,4,1,physiologic_baseline,ABD PAIN,96,121,108.8,21,26,23.4,92,115,106,88,91,89.6,98.6,5,1,5,YELLOW
90000251,F,PATIENT DECLINED TO ANSWER,WALK IN,99,92,20,93,106,70,0,4,1,4,5,6,15,A,4,1,documented_no_loc,FALL,87,101,92.25,21,22,21.25,108,124,114.5,92,96,94.5,99.4,4,3,1,YELLOW
90000254,F,HISPANIC/LATINO - CUBAN,WALK IN,98,84,22,96,113,82,0,6,1,4,5,6,15,A,4,1,physiologic_baseline,CHEST PAIN,78,104,96.2,21,23,21.6,96,111,102.8,91,96,92.6,99,5,2,1,YELLOW
90000255,F,UNKNOWN,AMBULANCE,99.1,115,22,89,97,65,0,2,1,4,5,6,15,A,4,1,physiologic_baseline,DIZZINESS,97,110,103,21,27,24,84,115,97,85,92,88.8,98.2,5,3,4,YELLOW
90000258,M,HISPANIC/LATINO - SALVADORAN,WALK IN,97.7,113,21,93,108,61,0,6,1,4,5,6,15,A,4,1,physiologic_baseline,FRACTURE,93,95,94,23,24,23.5,100,110,105,93,93,93,98,2,3,1,YELLOW
90000272,M,HISPANIC/LATINO - CUBAN,AMBULANCE,99,108,23,93,110,80,0,2,1,4,5,6,15,A,4,1,documented_no_loc,FRACTURE,90,97,93.5,19,23,21,100,119,109.5,91,95,93,98.5,2,2,2,YELLOW
90000274,F,HISPANIC/LATINO - SALVADORAN,WALK IN,98.5,103,24,93,106,71,0,6,1,4,5,6,15,A,4,1,physiologic_baseline,FRACTURE,98,114,106.4,23,25,24,92,115,99.6,87,92,90.2,97.9,5,2,3,YELLOW
90000276,M,WHITE - OTHER EUROPEAN,UNKNOWN,98.1,77,18,95,121,92,0,0,1,4,5,6,15,A,4,1,documented_no_loc,FALL,86,101,92.33333333,20,25,22,97,121,110.6666667,92,95,94,98.2,3,1,3,YELLOW
90000284,F,HISPANIC/LATINO - SALVADORAN,WALK IN,97.5,84,23,89,98,70,0,4,1,4,4,6,14,A,4,1,documented_no_loc,FRACTURE,106,127,116,23,25,24,87,108,98.8,90,94,91.4,99.1,5,3,1,YELLOW
90000297,M,HISPANIC/LATINO - CUBAN,AMBULANCE,98,119,27,89,102,56,0,3,1,4,5,6,15,A,4,1,physiologic_baseline,ABD PAIN,94,106,102.5,20,26,23,92,107,99.75,89,92,90.5,99.3,4,3,3,YELLOW
90000298,F,WHITE,WALK IN,98.1,120,27,89,99,57,0,6,1,4,4,6,14,A,4,1,documented_no_loc,DIZZINESS,102,135,119.3333333,19,21,20.33333333,107,109,107.6666667,87,91,89,98.7,3,3,4,YELLOW
90000302,F,WHITE - OTHER EUROPEAN,UNKNOWN,98.8,84,22,93,119,81,0,4,1,4,5,6,15,A,4,1,physiologic_baseline,ABD PAIN,80,113,94.33333333,19,23,20.66666667,107,116,112.6666667,94,97,95.66666667,98.7,3,3,5,YELLOW
90000305,M,HISPANIC/LATINO - SALVADORAN,WALK IN,98,117,19,93,97,55,0,6,1,4,5,6,15,A,4,1,physiologic_baseline,FRACTURE,85,105,95.6,21,26,23,100,111,104.6,90,95,92.6,98.6,5,2,4,YELLOW
90000306,F,BLACK/AFRICAN AMERICAN,AMBULANCE,98.9,80,19,96,109,74,0,0,1,4,5,6,15,A,4,1,physiologic_baseline,FRACTURE,89,98,93.5,19,21,20,115,120,117.5,94,97,95.5,97.9,2,3,1,YELLOW
90000309,M,WHITE,AMBULANCE,97.2,113,26,87,88,53,0,5,1,3,5,6,14,A,4,1,documented_no_loc,ABD PAIN,101,126,112.25,21,24,22.75,81,107,96,89,91,89.75,99.5,4,3,3,YELLOW
90000310,F,WHITE,OTHER,98.3,139,29,86,90,50,0,6,1,3,5,5,13,V,3,0,documented_no_loc,CHEST PAIN,104,121,114.3333333,29,29,29,78,88,82.33333333,85,87,86.33333333,98.3,3,3,4,YELLOW
90000316,F,WHITE,OTHER,98.2,95,21,90,92,51,0,4,1,4,5,6,15,A,4,1,physiologic_baseline,FRACTURE,91,112,102.25,21,25,23.25,96,113,103.5,89,93,91,99.1,4,3,0,YELLOW
90000320,F,WHITE - OTHER EUROPEAN,AMBULANCE,98.5,79,18,96,110,64,0,1,1,4,5,6,15,A,4,1,physiologic_baseline,ABD PAIN,77,91,82,16,19,17.66666667,113,126,119,93,96,94,99.3,3,3,1,YELLOW
90000325,F,HISPANIC/LATINO - CUBAN,AMBULANCE,98.4,83,19,94,97,67,0,3,1,4,5,6,15,A,4,1,physiologic_baseline,DIZZINESS,82,110,93.5,17,19,18.25,106,128,114.75,92,95,94,98.6,4,1,2,YELLOW
90000326,M,UNKNOWN,AMBULANCE,,,,,,,0,,,4,5,6,15,A,4,1,physiologic_baseline,DIZZINESS,100,104,102,23,25,24,85,90,87.5,89,90,89.5,98.6,2,3,3,YELLOW
90000327,F,HISPANIC/LATINO - CUBAN,UNKNOWN,98,105,22,90,115,75,0,8,1,4,4,6,14,A,4,1,physiologic_baseline,FRACTURE,88,100,92.6,21,23,21.8,106,118,112.2,94,95,94.2,98.5,5,1,2,YELLOW
90000329,M,MULTIPLE RACE/ETHNICITY,UNKNOWN,,,,,,,0,,,4,5,6,15,A,4,1,physiologic_baseline,ABD PAIN,88,109,97.6,23,28,25.2,85,109,95,87,92,89.8,98.8,5,2,2,YELLOW
90000331,F,BLACK/AFRICAN AMERICAN,AMBULANCE,98.6,109,20,90,112,82,0,3,1,4,5,6,15,A,4,1,documented_no_loc,FRACTURE,88,121,100.2,22,23,22.2,94,116,103.2,92,95,93,98.6,5,2,3,YELLOW
90000334,M,HISPANIC/LATINO - SALVADORAN,AMBULANCE,98.3,92,18,91,107,63,0,4,1,4,5,6,15,A,4,1,physiologic_baseline,CHEST PAIN,87,115,96,18,22,20,94,119,105.8,91,95,93,98.6,5,1,3,YELLOW
90000341,M,WHITE - OTHER EUROPEAN,WALK IN,98.4,91,21,93,99,69,0,1,1,4,5,6,15,A,4,1,physiologic_baseline,FALL,96,108,101.4,20,24,21.8,94,116,103.4,91,93,91.8,98.8,5,3,6,YELLOW
90000344,M,UNKNOWN,UNKNOWN,97.9,105,24,89,102,58,0,2,1,4,5,6,15,A,4,1,physiologic_baseline,CHEST PAIN,96,108,102,21,25,23,91,105,98,89,92,90.5,98.6,2,1,4,YELLOW
90000351,F,HISPANIC/LATINO - CUBAN,AMBULANCE,,,,,,,0,,,4,5,6,15,A,4,1,physiologic_baseline,FRACTURE,106,119,112.75,22,29,24.75,91,104,97,87,90,88.75,98,4,1,2,YELLOW
90000352,M,BLACK/AFRICAN AMERICAN,AMBULANCE,97.6,107,22,93,91,49,0,3,1,3,5,6,14,A,4,1,documented_no_loc,FRACTURE,83,117,100,21,26,23.5,99,100,99.5,91,91,91,98.7,2,2,5,YELLOW
90000353,F,WHITE,AMBULANCE,98,106,20,94,102,57,0,1,1,4,5,6,15,A,4,1,documented_no_loc,ABD PAIN,87,105,94.66666667,18,21,20,103,115,110.3333333,93,94,93.33333333,98.2,3,3,4,YELLOW
90000356,M,HISPANIC/LATINO - CUBAN,AMBULANCE,,,,,,,0,,,4,5,6,15,A,4,1,physiologic_baseline,CHEST PAIN,83,107,94.75,18,23,21.25,90,113,102.5,93,94,93.75,99.3,4,1,3,YELLOW
90000357,M,MULTIPLE RACE/ETHNICITY,AMBULANCE,97.8,103,26,88,98,51,0,3,1,4,5,6,15,A,4,1,physiologic_baseline,CHEST PAIN,106,120,111,25,26,25.33333333,83,92,87.33333333,86,91,88,99,3,1,8,YELLOW
90000358,F,UNABLE TO OBTAIN,WALK IN,98.7,101,23,92,103,56,0,4,1,4,5,6,15,A,4,1,documented_no_loc,FRACTURE,95,111,103.6666667,24,25,24.66666667,92,109,99,89,92,90.33333333,98.4,3,2,2,YELLOW
90000363,M,BLACK/AFRICAN AMERICAN,AMBULANCE,,,,,,,0,,,4,5,6,15,A,4,1,physiologic_baseline,DIZZINESS,99,112,106,23,25,24.33333333,93,110,98.66666667,90,94,92.33333333,99.1,3,3,4,YELLOW
90000364,F,HISPANIC/LATINO - CUBAN,WALK IN,98.5,65,22,96,119,79,0,3,1,4,5,6,15,A,4,1,documented_no_loc,DIZZINESS,84,97,89,17,21,19.8,104,123,114.4,93,96,94.4,99.1,5,2,3,YELLOW
90000365,F,MULTIPLE RACE/ETHNICITY,WALK IN,97.5,92,24,94,116,88,0,3,1,4,5,6,15,A,4,1,documented_no_loc,DIZZINESS,88,107,97.8,19,23,21.4,100,113,107.4,91,94,92.8,99.2,5,3,1,YELLOW
90000366,M,HISPANIC/LATINO - CUBAN,AMBULANCE,99.5,88,23,94,105,68,0,4,1,4,5,6,15,A,4,1,documented_no_loc,CHEST PAIN,88,116,102.8,20,25,22.6,99,118,106.6,89,91,90,99.2,5,3,2,YELLOW
90000369,M,HISPANIC/LATINO - CUBAN,UNKNOWN,99.2,90,20,95,107,74,0,5,1,4,5,6,15,A,4,1,physiologic_baseline,FRACTURE,81,102,91.33333333,17,19,18.33333333,89,114,104.6666667,93,98,96,98.5,3,3,5,YELLOW
90000376,F,MULTIPLE RACE/ETHNICITY,AMBULANCE,,,,,,,0,,,4,5,6,15,A,4,1,physiologic_baseline,ABD PAIN,91,101,96.4,18,25,22,105,120,110.2,91,95,93,98.9,5,1,4,YELLOW
90000377,F,HISPANIC/LATINO - SALVADORAN,AMBULANCE,98.9,104,22,92,94,51,0,3,1,4,5,6,15,A,4,1,physiologic_baseline,FALL,92,110,100.4,19,24,22.2,89,114,98,90,95,91.6,99.2,5,1,2,YELLOW
90000378,F,HISPANIC/LATINO - CUBAN,AMBULANCE,,,,,,,0,,,4,4,6,14,A,4,1,documented_no_loc,ABD PAIN,75,106,91,19,23,21.4,94,121,107.8,91,95,93,99.1,5,1,3,YELLOW
90000379,M,BLACK/AFRICAN AMERICAN,AMBULANCE,96.5,110,23,90,88,51,0,4,1,4,5,6,15,A,4,1,documented_no_loc,CHEST PAIN,86,118,104.8,22,26,24,90,100,94.8,87,91,89.2,99.9,5,3,2,YELLOW
90000381,M,PATIENT DECLINED TO ANSWER,WALK IN,97.8,96,22,88,93,59,0,4,1,4,5,6,15,A,4,1,documented_no_loc,ABD PAIN,92,109,103,23,27,25,84,96,88.5,89,90,89.5,98.5,4,1,9,YELLOW
90000382,M,BLACK/AFRICAN AMERICAN,AMBULANCE,97.9,95,22,88,99,67,0,3,1,4,5,6,15,A,4,1,physiologic_baseline,CHEST PAIN,98,109,103.5,27,27,27,88,94,91,89,90,89.5,99.3,2,3,3,YELLOW
90000389,F,WHITE - OTHER EUROPEAN,UNKNOWN,97.9,91,22,91,96,67,0,2,1,4,5,6,15,A,4,1,physiologic_baseline,FALL,87,103,95,17,20,18.5,102,113,107.5,92,94,93,99,2,2,2,YELLOW
90000391,M,WHITE - OTHER EUROPEAN,AMBULANCE,99,108,26,91,115,77,0,6,1,4,5,6,15,A,4,1,physiologic_baseline,DIZZINESS,88,95,92.33333333,23,26,24.33333333,94,110,100.3333333,91,94,92,99.2,3,3,1,YELLOW
90000392,M,OTHER,AMBULANCE,97.3,82,24,93,108,66,0,2,1,4,5,6,15,A,4,1,physiologic_baseline,FALL,83,104,93.25,18,21,19.5,104,111,107.5,92,95,93.5,99.2,4,1,3,YELLOW
90000394,F,HISPANIC/LATINO - CUBAN,AMBULANCE,99.5,96,25,90,113,73,0,4,1,4,5,5,14,A,4,0,physiologic_baseline,DIZZINESS,107,114,110.5,25,25,25,83,84,83.5,90,90,90,98.9,2,2,1,YELLOW
90000397,F,UNABLE TO OBTAIN,AMBULANCE,98.4,91,27,93,99,57,0,3,1,4,5,6,15,A,4,1,physiologic_baseline,FRACTURE,89,99,94,24,25,24.5,96,103,99.5,91,92,91.5,98,2,1,3,YELLOW
90000398,F,BLACK/AFRICAN AMERICAN,WALK IN,98.8,89,21,94,99,69,0,4,1,4,5,6,15,A,4,1,physiologic_baseline,CHEST PAIN,94,100,96.66666667,20,21,20.66666667,97,110,104.6666667,91,94,93,98.1,3,1,3,YELLOW
90000413,M,WHITE - OTHER EUROPEAN,AMBULANCE,,,,,,,0,,,1,1,1,3,U,1,0,documented_unresponsive,UNRESPONSIVE,,,,0,0,0,50,50,50,,,,94.9,1,2,6,BLACK
90000441,F,WHITE,AMBULANCE,93.5,28,0,,,,0,,,1,1,1,3,U,1,0,documented_unresponsive,RESP ARREST,1,15,8,0,0,0,36,36,36,0,0,0,96.4,2,2,10,BLACK
90000462,M,WHITE,AMBULANCE,82,,,,,,1,,0,1,1,1,3,U,1,0,documented_unresponsive,UNWITNESSED ARREST,,,,,,,,,,,,,82.50005744,1,1,7,BLACK
90000463,F,PATIENT DECLINED TO ANSWER,AMBULANCE,96,0,0,,,,1,,0,1,1,1,3,U,1,0,documented_unresponsive,TRAUMA CODE,1.11465821,1.11465821,1.11465821,0,0,0,,,,,,,96.28016513,1,4,7,BLACK
90000469,F,WHITE - OTHER EUROPEAN,AMBULANCE,95.4,0,3,,,,1,,0,1,1,1,3,U,1,0,documented_unresponsive,TRAUMA CODE,0,0,0,3.577118906,3.60043441,3.588776658,,,,,,,95.85768545,2,5,2,BLACK
90000472,M,UNKNOWN,AMBULANCE,95.9,15,0,,,,1,,0,1,1,1,3,U,1,0,documented_unresponsive,RESP ARREST,14.40497698,14.78083875,14.59290787,0,0.294970307,0.147485154,,,,,,,96.48461808,2,3,10,BLACK
90000473,F,MULTIPLE RACE/ETHNICITY,AMBULANCE,93.3,,0,,,,1,,0,1,1,1,3,U,1,0,documented_unresponsive,PEDESTRIAN STRUCK,,,,0,0.9952841,0.49764205,,,,,,,93.49031206,2,4,7,BLACK
90000475,M,HISPANIC/LATINO - CUBAN,AMBULANCE,98.4,2,0,,,,1,,0,1,1,1,3,U,1,0,documented_unresponsive,RESPIRATORY FAILURE,2.524908693,3.44081617,2.982862432,0,0.649667387,0.324833693,,,,,,,99.0000866,2,3,6,BLACK
90000486,M,HISPANIC/LATINO - CUBAN,AMBULANCE,94.1,,0,,,,1,,0,1,1,1,3,U,1,0,documented_unresponsive,CARDIAC ARREST,,,,0,0.590090859,0.196696953,,,,,,,94.84026266,3,2,10,BLACK
90000493,F,BLACK/AFRICAN AMERICAN,AMBULANCE,93.2,0,0,45,,,1,,0,1,1,1,3,U,1,0,documented_unresponsive,CODE IN PROGRESS,0.139800649,0.139800649,0.139800649,0,0,0,,,,50.16043222,50.16043222,50.16043222,93.73035378,1,3,2,BLACK
90000500,F,WHITE,AMBULANCE,,,0,,,,1,,0,1,1,1,3,U,1,0,documented_unresponsive,UNWITNESSED ARREST,,,,,,,,,,,,,,0,1,6,BLACK
90000505,M,BLACK/AFRICAN AMERICAN,AMBULANCE,95.4,20,1,36,,,1,,0,1,1,1,3,U,1,0,documented_unresponsive,RESP ARREST,20.43722425,21.44075198,20.93898812,0,0.801952138,0.400976069,,,,37.42943653,39.07685455,38.25314554,95.94909915,2,4,11,BLACK
10006580,F,HISPANIC/LATINO - SALVADORAN,WALK IN,98.1,89,18,96,131,90,0,10,1,4,5,6,15,A,4,1,physiologic_baseline,"Neck pain, Med refill",84,84,84,16,16,16,135,135,135,98,98,98,98,1,1,15,GREEN
10037928,F,HISPANIC/LATINO - CUBAN,WALK IN,98.2,105,24,96,177,69,0,10,1,4,5,6,15,A,4,1,physiologic_baseline,"Abd pain, n/v/d",93,105,96.8,16,24,18.4,115,177,138.4,93,96,94,100.6,6,1,0,GREEN
10037928,F,HISPANIC/LATINO - CUBAN,WALK IN,98.7,108,22,98,151,55,0,0,1,4,5,6,15,A,4,1,physiologic_baseline,"Cough, Dyspnea",97,112,104.6666667,20,22,20.66666667,128,156,144,92,97,95,98.9,4,3,18,GREEN
10039708,F,BLACK/AFRICAN AMERICAN,WALK IN,98,60,16,100,104,61,0,0,1,3,5,6,14,A,4,1,physiologic_baseline,Wound eval,60,78,69,16,18,17,104,118,111,99,100,99.5,98,2,3,12,GREEN
10039708,F,BLACK/AFRICAN AMERICAN,WALK IN,98.5,84,17,100,116,83,0,10,1,4,5,6,15,A,4,1,physiologic_baseline,L Knee pain,80,86,83.33333333,17,18,17.66666667,113,125,118,100,100,100,98.6,3,2,11,GREEN
90000007,F,WHITE,WALK IN,,,,,,,0,,,4,5,6,15,A,4,1,physiologic_baseline,RASH,84,84,84,17,17,17,119,119,119,96,96,96,98.1,1,1,2,GREEN
90000026,M,UNABLE TO OBTAIN,AMBULANCE,97.7,74,15,97,108,71,0,4,1,4,5,6,15,A,4,1,physiologic_baseline,ANKLE INJURY,52,52,52,17,17,17,129,129,129,97,97,97,98.7,1,2,2,GREEN
90000027,F,BLACK/AFRICAN AMERICAN,WALK IN,98.9,89,18,96,105,68,0,5,1,4,5,6,15,A,4,1,physiologic_baseline,RASH,77,100,88.5,14,14,14,115,120,117.5,95,97,96,98.1,2,2,2,GREEN
90000031,F,BLACK/AFRICAN AMERICAN,OTHER,97.9,87,17,99,122,82,0,1,1,4,5,6,15,A,4,1,physiologic_baseline,HEADACHE,70,81,74,12,17,14.33333333,106,124,116.6666667,95,99,97.33333333,98.1,3,2,3,GREEN
90000035,M,BLACK/AFRICAN AMERICAN,WALK IN,98.6,81,17,96,123,84,0,0,1,4,5,6,15,A,4,1,physiologic_baseline,ANKLE INJURY,76,85,80,13,19,15.66666667,109,123,115,94,98,95.33333333,98.1,3,1,3,GREEN
90000067,F,UNKNOWN,WALK IN,98.3,99,16,97,126,96,0,2,1,4,5,6,15,A,4,1,physiologic_baseline,HEADACHE,69,95,78.33333333,17,19,18,107,112,109,93,99,96,98.9,3,2,4,GREEN
90000074,F,HISPANIC/LATINO - CUBAN,OTHER,97.9,90,17,93,119,82,0,4,1,4,5,6,15,A,4,1,physiologic_baseline,RASH,80,88,84,17,18,17.5,106,109,107.5,91,94,92.5,97.9,2,1,2,GREEN
90000093,M,MULTIPLE RACE/ETHNICITY,AMBULANCE,99,76,16,97,124,93,0,1,1,4,5,6,15,A,4,1,physiologic_baseline,RASH,83,83,83,18,18,18,110,110,110,96,96,96,99,1,1,5,GREEN
90000125,F,HISPANIC/LATINO - SALVADORAN,OTHER,,,,,,,0,,,4,5,6,15,A,4,1,physiologic_baseline,ANKLE INJURY,79,98,88.5,21,21,21,111,114,112.5,94,97,95.5,98.5,2,2,1,GREEN
90000134,M,UNABLE TO OBTAIN,OTHER,98.3,80,18,99,126,86,0,3,1,3,5,6,14,A,4,1,physiologic_baseline,MINOR LACERATION,82,93,86.66666667,17,21,18.33333333,117,120,118.6666667,96,98,97,98.9,3,1,2,GREEN
90000144,F,HISPANIC/LATINO - SALVADORAN,WALK IN,99,89,15,96,106,62,0,2,1,4,5,6,15,A,4,1,physiologic_baseline,ANKLE INJURY,82,99,88.66666667,17,19,17.66666667,110,124,119,95,99,96.66666667,98.1,3,2,2,GREEN
90000161,F,HISPANIC/LATINO - SALVADORAN,AMBULANCE,98.1,70,17,97,121,84,0,1,1,4,4,6,14,A,4,1,physiologic_baseline,ANKLE INJURY,60,81,70.5,14,18,16,105,114,109.5,95,100,97.5,98.6,2,2,2,GREEN
90000174,F,PATIENT DECLINED TO ANSWER,WALK IN,97.7,84,17,95,127,81,0,2,1,4,5,6,15,A,4,1,physiologic_baseline,RASH,70,100,85.66666667,14,19,16.33333333,113,117,115.6666667,95,97,96,98.5,3,1,3,GREEN
90000190,F,BLACK/AFRICAN AMERICAN,AMBULANCE,98.2,89,17,95,122,87,0,5,1,4,5,6,15,A,4,1,physiologic_baseline,ANKLE INJURY,75,76,75.5,15,17,16,112,124,118,95,98,96.5,98.4,2,1,0,GREEN
90000252,M,OTHER,WALK IN,97.7,70,17,100,133,96,0,0,1,4,5,6,15,A,4,1,physiologic_baseline,RASH,67,67,67,19,19,19,115,115,115,98,98,98,97.8,1,1,3,GREEN
90000259,M,WHITE,WALK IN,96.9,82,13,99,125,81,0,3,1,4,4,6,14,A,4,1,physiologic_baseline,MINOR LACERATION,76,95,85.5,16,19,17.5,112,132,122,96,97,96.5,98.6,2,2,1,GREEN
90000268,M,OTHER,WALK IN,,,,,,,0,,,4,5,6,15,A,4,1,physiologic_baseline,BACK PAIN,76,94,85.66666667,13,16,14.33333333,111,132,120,96,97,96.66666667,98.9,3,2,2,GREEN
90000290,F,OTHER,WALK IN,98.9,72,19,95,117,83,0,2,1,4,4,6,14,A,4,1,physiologic_baseline,MINOR LACERATION,81,83,82,19,20,19.5,126,129,127.5,97,99,98,98.5,2,2,3,GREEN
90000335,M,OTHER,UNKNOWN,98.3,75,18,98,133,88,0,1,1,4,5,6,15,A,4,1,physiologic_baseline,HEADACHE,73,90,80,16,20,17.66666667,117,134,122.6666667,98,99,98.66666667,98.8,3,1,1,GREEN
90000373,M,BLACK/AFRICAN AMERICAN,AMBULANCE,97.8,77,18,96,122,82,0,2,1,4,5,6,15,A,4,1,physiologic_baseline,HEADACHE,70,99,86.66666667,17,19,18,112,127,118,95,98,96.33333333,98.4,3,2,1,GREEN
90000374,F,HISPANIC/LATINO - CUBAN,WALK IN,98.2,102,16,99,117,79,0,2,1,4,4,6,14,A,4,1,physiologic_baseline,BACK PAIN,60,95,82.33333333,17,22,18.66666667,114,127,119,95,95,95,98.6,3,1,5,GREEN
90000387,M,OTHER,AMBULANCE,97.8,82,16,97,114,78,0,0,1,4,5,6,15,A,4,1,physiologic_baseline,HEADACHE,79,79,79,21,21,21,120,120,120,98,98,98,98.7,1,1,4,GREEN
90000447,F,UNKNOWN,AMBULANCE,98.5,96,23,95,103,63,0,1,1,4,5,6,15,A,4,1,physiologic_baseline,MINOR LACERATION,87,113,100,19,23,21,107,126,116.5,94,95,94.5,101.1,2,1,5,GREEN
10020944,M,UNKNOWN,UNKNOWN,98,75,24,91,154,67,0,,0,3,4,5,12,P,2,0,documented_altered_mental_status,Altered mental status,,,,,,,,,,,,,,0,3,27,RED
10037928,F,HISPANIC/LATINO - CUBAN,AMBULANCE,99.8,97,32,88,176,86,0,,0,4,5,6,15,A,4,1,physiologic_baseline,ILI,88,93,90.5,16,20,18,155,155,155,95,96,95.5,97.8,2,1,0,RED
10037928,F,HISPANIC/LATINO - CUBAN,AMBULANCE,98.3,76,16,98,144,56,0,0,1,2,2,3,7,V,3,0,documented_coma_stupor,Altered mental status,80,91,85.5,18,18,18,133,133,133,93,96,94.5,98.3,2,6,23,RED
10039708,F,BLACK/AFRICAN AMERICAN,AMBULANCE,97.3,69,18,100,109,56,0,5,1,4,5,6,15,A,4,1,physiologic_baseline,Lethargy,63,78,69.6,12,20,17.6,109,121,115.6,96,100,98.4,97.3,5,1,12,RED
10039708,F,BLACK/AFRICAN AMERICAN,WALK IN,98,71,16,100,105,76,0,0,1,4,4,6,14,A,4,1,documented_altered_mental_status,Dizziness,63,65,64,18,18,18,100,103,101.5,100,100,100,98,2,3,3,RED
10039708,F,BLACK/AFRICAN AMERICAN,AMBULANCE,96.6,55,16,99,159,80,0,0,1,4,4,6,14,A,4,1,documented_altered_mental_status,Altered mental status,54,74,57.66666667,14,18,15.77777778,108,159,139.2222222,97,100,99.11111111,98.6,9,1,13,RED
10039708,F,BLACK/AFRICAN AMERICAN,WALK IN,97.8,90,18,100,70,42,0,5,1,4,5,5,14,A,4,0,physiologic_baseline,Hypotension,66,90,79.21428571,13,24,16.78571429,70,119,78.14285714,97,100,99.5,97.8,14,3,11,RED
90000043,M,WHITE,AMBULANCE,97.5,118,27,86,100,62,0,,,4,5,6,15,A,4,1,physiologic_baseline,SOB,52,125,103,23,32,28.2,70,115,94,83,94,87.2,98.7,5,2,5,RED
90000099,M,OTHER,WALK IN,97.5,141,32,84,84,42,0,,,2,5,6,13,V,3,1,documented_no_loc,GI BLEED,60,137,112,24,33,29.16666667,74,111,88.83333333,80,89,85.83333333,98.3,6,4,2,RED
90000130,M,WHITE - OTHER EUROPEAN,AMBULANCE,98.8,111,31,84,78,40,0,,,2,4,6,12,V,3,1,physiologic_baseline,SEPSIS,94,139,116,24,33,27.85714286,75,95,85.85714286,79,89,84.57142857,99.6,7,4,1,RED
90000150,F,OTHER,AMBULANCE,98.1,97,29,89,80,35,0,,,4,4,6,14,A,4,1,documented_no_loc,MVC/TRAUMA,93,124,105,22,28,24.33333333,80,109,97.33333333,84,90,86.66666667,99.8,3,3,2,RED
90000192,F,PATIENT DECLINED TO ANSWER,AMBULANCE,97.3,128,29,83,73,39,0,,,4,5,6,15,A,4,1,physiologic_baseline,GI BLEED,44,137,104,21,31,26.85714286,60,105,81.57142857,83,89,85.42857143,99.7,7,1,6,RED
90000294,F,PATIENT DECLINED TO ANSWER,AMBULANCE,97.2,108,29,85,99,59,0,,,3,5,6,14,A,4,1,documented_no_loc,HEAD BLEED,87,122,107,23,34,28.5,83,92,86.25,82,89,85.5,99.1,4,1,5,RED
90000359,M,HISPANIC/LATINO - SALVADORAN,AMBULANCE,97.8,117,32,84,86,52,0,,,3,5,5,13,V,3,0,physiologic_baseline,SOB,101,145,119.7142857,23,35,29,77,99,86.85714286,78,90,84.28571429,98.4,7,1,6,RED
90000408,M,UNABLE TO OBTAIN,AMBULANCE,96.8,51,28,82,70,37,0,,,1,1,1,3,U,1,0,documented_unresponsive,SEPSIS,117,125,120,26,34,30.25,57,90,72.5,79,88,82.75,100,4,2,4,RED
90000419,M,PATIENT DECLINED TO ANSWER,AMBULANCE,96.6,123,37,76,69,35,0,,,1,5,6,12,V,3,1,documented_no_loc,HEAD BLEED,41,147,114,29,39,33.375,57,101,75.625,76,86,80.625,99.9,8,2,8,RED
90000424,M,HISPANIC/LATINO - CUBAN,AMBULANCE,97.2,135,35,77,79,39,0,,,1,1,1,3,U,1,0,documented_unresponsive,HEAD BLEED,53,150,97.6,30,38,33,55,89,72.2,77,88,82,99,5,4,5,RED
90000532,M,WHITE - OTHER EUROPEAN,AMBULANCE,95.9,167,6,,46,20,0,,0,1,1,2,4,U,1,0,documented_coma_stupor,OVERDOSE,167.2677124,178.5928828,172.9302976,5.672763203,7.235214685,6.453988944,43.61991964,44.91553907,44.26772936,,,,95.93754019,2,3,1,RED
90000536,F,HISPANIC/LATINO - SALVADORAN,AMBULANCE,94.6,22,4,,63,43,0,,0,3,3,5,11,V,3,0,documented_coma_stupor,SOB,21.35483348,24.49699047,22.89934111,3.382243238,4.048268311,3.805846281,64.09118455,70.05466019,67.12457626,,,,95.18888483,3,5,5,RED
90000541,F,PATIENT DECLINED TO ANSWER,AMBULANCE,92.3,44,0,,48,20,0,,0,1,1,1,3,U,1,0,documented_unresponsive,OVERDOSE,40.56909641,44.30725008,42.27402023,0,0.885177073,0.25837734,40.68141769,52.41983627,47.21020662,,,,92.88561221,4,5,14,RED
90000542,F,UNABLE TO OBTAIN,AMBULANCE,96.2,167,2,38,71,38,0,,0,1,3,4,8,P,2,0,documented_coma_stupor,RESP ARREST,160.1093587,178.9774201,166.569214,1.284309197,1.78265252,1.539397256,69.34639292,75.2557778,73.15704348,34.50453418,39.96587933,36.90735277,96.39624756,3,2,0,RED
90000544,M,WHITE,AMBULANCE,,156,45,,44,24,0,,0,1,1,1,3,U,1,0,documented_unresponsive,MVC/TRAUMA,144.8152919,166.0034687,152.8555683,46.44816086,49.91923237,47.9623431,38.75666094,44.62808432,42.14236521,,,,,3,5,1,RED
90000546,F,HISPANIC/LATINO - SALVADORAN,AMBULANCE,94.9,159,39,72,,,0,,0,1,1,1,3,U,1,0,documented_unresponsive,UNRESPONSIVE,142.7699699,178.8700968,160.9882672,37.3882688,42.0111805,39.31129694,,,,65.20220658,78.0888841,71.68929012,94.97484811,5,3,10,RED
90000550,M,BLACK/AFRICAN AMERICAN,AMBULANCE,95.4,188,42,70,,,0,,0,1,1,1,3,U,1,0,documented_unresponsive,S/P ARREST,193.8129121,193.8129121,193.8129121,39.31588733,39.31588733,39.31588733,,,,61.12133428,61.12133428,61.12133428,95.72401117,1,2,13,RED
90000551,M,WHITE - OTHER EUROPEAN,AMBULANCE,,,3,,69,30,0,,0,1,1,1,3,U,1,0,documented_unresponsive,CARDIAC ARREST,,,,1.19126422,4.005506771,2.73824348,59.09573288,71.69050893,66.57458127,,,,,4,4,8,RED
10007058,M,WHITE,UNKNOWN,98.6,62,18,98,121,78,0,2,1,4,5,6,15,A,4,1,physiologic_baseline,"Chest pain, Transfer",57,62,59.66666667,16,18,16.66666667,111,121,117.3333333,98,100,99.33333333,98.7,3,2,0,YELLOW
10018081,M,WHITE,AMBULANCE,99.1,100,16,98,131,55,0,0,1,4,5,6,15,A,4,1,physiologic_baseline,"Wound eval, Transfer",76,99,91.25,16,20,18,136,147,140.5,97,99,98.5,98.9,4,3,0,YELLOW
10018081,M,WHITE,AMBULANCE,99.1,84,18,94,139,65,0,0,1,4,5,6,15,A,4,1,physiologic_baseline,Dyspnea,63,87,77.14285714,16,30,21.85714286,110,158,138.9285714,95,98,97.14285714,100.8,14,1,8,YELLOW
10018081,M,WHITE,AMBULANCE,97.4,67,16,96,126,72,0,0,1,4,5,6,15,A,4,1,physiologic_baseline,DISLODGED ABD TUBE,48,79,70.25,16,17,16.33333333,113,133,123.5,97,100,98.25,97.7,4,4,13,YELLOW
10018081,M,WHITE,AMBULANCE,96.2,98,22,95,111,49,0,5,1,4,5,6,15,A,4,1,physiologic_baseline,"Abd pain, n/v/d",88,94,91.4,20,28,24,89,122,113.6,94,99,96,97.8,5,1,0,YELLOW
10018845,M,WHITE,AMBULANCE,98,70,16,99,155,86,0,0,1,4,4,5,13,V,3,0,documented_intracranial_injury,"s/p Fall, SDH",65,71,67.33333333,15,22,19.33333333,123,149,134.6666667,100,100,100,98.2,3,4,5,YELLOW
10025463,M,WHITE,AMBULANCE,,,,,,,0,,,2,2,6,10,A,4,1,documented_intracranial_injury,HEAD BLEED,,,,,,,,,,,,,,0,1,0,YELLOW
10037928,F,HISPANIC/LATINO - CUBAN,WALK IN,97,81,18,99,161,55,0,0,1,4,5,6,15,A,4,1,physiologic_baseline,S/P FALL,,,,,,,,,,,,,,0,4,19,YELLOW
10037928,F,HISPANIC/LATINO - CUBAN,AMBULANCE,97.7,95,18,98,150,56,0,8,1,3,5,6,14,A,4,1,physiologic_baseline,"Head injury, s/p Fall",76,95,85.5,18,18,18,125,150,137.5,95,98,96.5,36.5,2,6,24,YELLOW
10037928,F,HISPANIC/LATINO - CUBAN,AMBULANCE,97.8,75,16,95,159,60,0,6,1,4,5,6,15,A,4,1,physiologic_baseline,Back pain,72,80,76.42857143,16,20,17.71428571,140,163,151.8571429,88,97,94.25,98.3,8,3,23,YELLOW
10037928,F,HISPANIC/LATINO - CUBAN,AMBULANCE,98.2,72,16,96,126,43,0,0,1,4,5,6,15,A,4,1,physiologic_baseline,HYPERGLYCEMIA,74,87,80.25,16,19,17.75,115,129,123,98,100,99.25,97.2,4,2,23,YELLOW
10037928,F,HISPANIC/LATINO - CUBAN,AMBULANCE,98.1,130,15,95,179,69,0,,,4,4,6,14,A,4,1,documented_metabolic_derangement,UNKNOWN-CC,118,120,119.3333333,20,20,20,138,149,144,96,96,96,99.1,3,1,24,YELLOW
10037928,F,HISPANIC/LATINO - CUBAN,WALK IN,97.6,96,16,94,121,65,0,7,1,4,5,6,15,A,4,1,physiologic_baseline,RIGHT EAR PAIN/DRAINAGE,100,100,100,16,16,16,154,160,157,95,96,95.5,98.1,2,3,25,YELLOW
10037928,F,HISPANIC/LATINO - CUBAN,AMBULANCE,,,,,,,0,10,1,4,5,6,15,A,4,1,physiologic_baseline,HYPOTHERMIA,47,75,60.27272727,16,20,17.90909091,99,116,110.1818182,93,100,97.5,35.8,11,3,25,YELLOW
10039708,F,BLACK/AFRICAN AMERICAN,AMBULANCE,98.1,89,16,98,98,68,0,0,1,4,5,6,15,A,4,1,physiologic_baseline,Hypotension,77,95,85.75,15,16,15.75,88,110,98.66666667,98,100,99,99.1,4,2,3,YELLOW
10039708,F,BLACK/AFRICAN AMERICAN,WALK IN,98.2,76,16,100,86,51,0,0,1,3,3,6,12,P,2,1,documented_toxidrome,"Abnormal labs, ETOH, Hypotension",62,76,71,13,17,15.8,80,117,92.5,99,100,99.8,98.4,6,1,4,YELLOW
10039708,F,BLACK/AFRICAN AMERICAN,AMBULANCE,98,86,16,100,133,82,0,10,1,4,5,6,15,A,4,1,physiologic_baseline,Dyspnea,71,86,80.8,11,16,15,105,133,114,95,100,97,98.4,5,2,10,YELLOW
10039708,F,BLACK/AFRICAN AMERICAN,AMBULANCE,98.2,64,18,100,94,56,0,0,1,4,5,6,15,A,4,1,physiologic_baseline,Hemodialysis,60,64,61.33333333,16,18,16.66666667,94,99,95.66666667,100,100,100,98.2,3,5,12,YELLOW
10039708,F,BLACK/AFRICAN AMERICAN,AMBULANCE,97.9,76,20,100,112,74,0,0,1,4,5,6,15,A,4,1,physiologic_baseline,Wound eval,76,76,76,20,20,20,112,112,112,100,100,100,97.9,1,3,11,YELLOW
10039708,F,BLACK/AFRICAN AMERICAN,AMBULANCE,98.4,106,18,95,131,76,0,5,1,4,5,5,14,A,4,0,physiologic_baseline,"Abd pain, Transfer",84,111,99,13,20,17.25,128,139,134,95,99,96.5,98.6,5,1,9,YELLOW
90000013,M,UNABLE TO OBTAIN,AMBULANCE,98.4,104,24,91,118,74,0,4,1,4,5,6,15,A,4,1,physiologic_baseline,ABD PAIN,78,94,86,21,22,21.5,95,106,100.5,89,91,90,98.5,2,3,3,YELLOW
90000019,F,HISPANIC/LATINO - SALVADORAN,AMBULANCE,98.5,108,21,90,91,47,0,4,1,3,5,6,14,A,4,1,documented_no_loc,FRACTURE,87,110,96,19,20,19.66666667,80,113,98.66666667,91,92,91.33333333,98.3,3,2,2,YELLOW
90000039,M,HISPANIC/LATINO - CUBAN,WALK IN,98.9,98,24,92,91,61,0,4,1,3,5,6,14,A,4,1,physiologic_baseline,FALL,88,106,94.33333333,22,25,23.66666667,100,105,103,91,94,92.66666667,98.6,3,3,1,YELLOW
90000054,M,UNKNOWN,WALK IN,98,101,24,89,105,76,0,7,1,4,5,6,15,A,4,1,documented_no_loc,FALL,87,115,101,23,28,25.5,76,107,91.5,87,90,88.5,98.9,2,3,3,YELLOW
90000059,F,BLACK/AFRICAN AMERICAN,WALK IN,97.7,89,19,96,91,53,0,5,1,4,4,6,14,A,4,1,physiologic_baseline,ABD PAIN,80,102,92,21,23,22,95,117,110.5,91,94,93,98.7,4,1,2,YELLOW
90000061,M,WHITE - OTHER EUROPEAN,AMBULANCE,98.1,95,21,92,92,62,0,4,1,4,5,6,15,A,4,1,physiologic_baseline,FRACTURE,90,103,96,19,26,21.66666667,91,96,93,90,95,92.66666667,98.1,3,1,1,YELLOW
90000076,M,MULTIPLE RACE/ETHNICITY,AMBULANCE,98.2,89,21,92,99,69,0,2,1,4,5,6,15,A,4,1,physiologic_baseline,ABD PAIN,87,104,95,18,22,20,101,117,107.3333333,91,93,92,98.7,3,2,2,YELLOW
90000085,M,WHITE - OTHER EUROPEAN,AMBULANCE,97.6,97,24,88,103,70,0,4,1,4,5,6,15,A,4,1,documented_no_loc,FRACTURE,86,119,103.2,20,26,23,94,103,99.4,89,95,90.4,99.7,5,3,2,YELLOW
90000100,M,HISPANIC/LATINO - SALVADORAN,WALK IN,99.9,67,20,98,122,93,0,4,1,4,5,6,15,A,4,1,physiologic_baseline,ABD PAIN,80,96,87,19,21,20,92,112,105.3333333,95,98,96.33333333,98.6,3,1,1,YELLOW
90000157,F,UNABLE TO OBTAIN,AMBULANCE,98.7,78,19,92,99,52,0,3,1,4,5,6,15,A,4,1,documented_no_loc,ABD PAIN,76,92,84,18,21,19.5,101,112,106.5,93,94,93.5,97.9,2,2,3,YELLOW
90000158,F,HISPANIC/LATINO - CUBAN,AMBULANCE,,,,,,,0,,,4,4,6,14,A,4,1,documented_no_loc,FRACTURE,98,117,107.3333333,23,26,25,88,104,95.66666667,87,90,88.66666667,98.6,3,3,5,YELLOW
90000170,F,WHITE - OTHER EUROPEAN,WALK IN,97.8,97,18,91,97,69,0,2,1,4,5,6,15,A,4,1,documented_no_loc,FRACTURE,85,109,95.2,20,24,21.8,90,111,100.2,89,92,91.2,99.1,5,3,3,YELLOW
90000184,F,WHITE - OTHER EUROPEAN,AMBULANCE,97.6,93,20,92,117,87,0,4,1,4,5,6,15,A,4,1,documented_no_loc,CHEST PAIN,83,92,87.33333333,19,21,20.33333333,103,117,112.3333333,90,92,91,98.9,3,2,2,YELLOW
90000195,M,PATIENT DECLINED TO ANSWER,AMBULANCE,98.5,82,24,92,108,74,0,4,1,4,4,6,14,A,4,1,documented_no_loc,FALL,81,95,88.5,17,22,20.5,92,115,103.5,91,97,93.25,98.1,4,3,4,YELLOW
90000206,F,HISPANIC/LATINO - CUBAN,WALK IN,97.8,87,22,95,122,87,0,4,1,4,5,6,15,A,4,1,physiologic_baseline,CHEST PAIN,90,97,93.66666667,15,22,19,105,130,113.3333333,95,96,95.33333333,99.3,3,1,1,YELLOW
90000208,F,WHITE,UNKNOWN,98.3,100,21,91,99,71,0,3,1,4,5,6,15,A,4,1,physiologic_baseline,DIZZINESS,92,98,95,19,22,20.5,89,100,94.5,91,92,91.5,97.9,2,3,1,YELLOW
90000227,M,MULTIPLE RACE/ETHNICITY,AMBULANCE,98.1,90,21,92,115,78,0,5,1,3,5,6,14,A,4,1,documented_no_loc,DIZZINESS,81,121,95.33333333,18,21,19.33333333,109,115,111.6666667,92,94,93,98.1,3,1,3,YELLOW
90000230,F,PATIENT DECLINED TO ANSWER,WALK IN,99,81,20,94,122,75,0,2,1,4,4,6,14,A,4,1,documented_no_loc,CHEST PAIN,66,82,74,17,18,17.5,109,114,111.5,95,95,95,98.3,2,3,1,YELLOW
90000234,F,PATIENT DECLINED TO ANSWER,OTHER,98.1,88,19,94,118,72,0,4,1,4,5,6,15,A,4,1,documented_no_loc,ABD PAIN,87,98,91.33333333,16,19,17.66666667,100,117,108.6666667,92,96,93.66666667,99.4,3,1,3,YELLOW
90000273,M,UNKNOWN,UNKNOWN,97.1,105,20,95,103,63,0,1,1,4,5,6,15,A,4,1,documented_no_loc,FALL,89,100,95.33333333,18,23,20,109,123,116.6666667,92,97,95,98.6,3,1,1,YELLOW
90000287,F,UNABLE TO OBTAIN,WALK IN,98.3,102,17,92,85,45,0,3,1,4,5,6,15,A,4,1,physiologic_baseline,ABD PAIN,91,101,96,19,21,20,87,103,95,91,93,92,98.8,2,2,4,YELLOW
90000296,F,OTHER,WALK IN,98.5,106,24,89,99,58,0,1,1,4,5,6,15,A,4,1,documented_no_loc,FALL,93,120,106.25,23,26,25,92,101,97.5,86,90,88.75,98.7,4,1,4,YELLOW
90000324,M,HISPANIC/LATINO - SALVADORAN,AMBULANCE,99.8,104,26,93,110,67,0,5,1,4,4,6,14,A,4,1,documented_no_loc,DIZZINESS,96,105,100.5,24,26,25,83,89,86,89,89,89,99.5,2,3,5,YELLOW
90000343,M,UNABLE TO OBTAIN,WALK IN,99.6,110,24,92,113,82,0,2,1,4,5,6,15,A,4,1,physiologic_baseline,ABD PAIN,89,106,95,20,24,22.2,108,113,109.8,91,96,92.6,99.1,5,1,2,YELLOW
90000347,M,HISPANIC/LATINO - CUBAN,AMBULANCE,98.5,106,21,92,81,34,0,3,1,2,5,6,13,P,2,1,physiologic_baseline,CHEST PAIN,93,107,100,20,25,22.8,88,113,102,90,92,90.8,99.1,5,3,2,YELLOW
90000349,F,UNABLE TO OBTAIN,UNKNOWN,98.9,103,22,91,107,61,0,2,1,4,5,6,15,A,4,1,physiologic_baseline,FRACTURE,96,121,108.25,22,26,23,90,116,102.75,88,91,89.5,99.1,4,2,2,YELLOW
90000385,F,OTHER,WALK IN,97.4,109,20,92,101,70,0,4,1,4,5,5,14,A,4,0,physiologic_baseline,CHEST PAIN,66,120,93,21,25,23,106,108,107,87,92,89.5,97.8,2,1,2,YELLOW
